year,age_group,sex,human_development_index_rating,STATISTIC,value
2024,All ages,Both sexes,Human Development Index (HDI) - All ratings,PEA27C01,733514.0
2023,All ages,Both sexes,Human Development Index (HDI) - All ratings,PEA27C01,716448.0
2024,All ages,Both sexes,Very High Human Development Index (HDI),PEA27C01,410449.0
2023,All ages,Both sexes,Very High Human Development Index (HDI),PEA27C01,406610.0
2024,All ages,Female,Human Development Index (HDI) - All ratings,PEA27C01,368222.0
2024,All ages,Male,Human Development Index (HDI) - All ratings,PEA27C01,365292.0
2023,All ages,Female,Human Development Index (HDI) - All ratings,PEA27C01,358895.0
2023,All ages,Male,Human Development Index (HDI) - All ratings,PEA27C01,357553.0
2024,All ages,Male,Very High Human Development Index (HDI),PEA27C01,205702.0
2024,All ages,Female,Very High Human Development Index (HDI),PEA27C01,204747.0
2023,All ages,Male,Very High Human Development Index (HDI),PEA27C01,204469.0
2023,All ages,Female,Very High Human Development Index (HDI),PEA27C01,202141.0
2024,All ages,Both sexes,High Human Development Index (HDI),PEA27C01,146937.0
2023,All ages,Both sexes,High Human Development Index (HDI),PEA27C01,140105.0
2024,All ages,Both sexes,Medium Human Development Index (HDI),PEA27C01,118838.0
2023,All ages,Both sexes,Medium Human Development Index (HDI),PEA27C01,114406.0
2024,40 - 44 years,Both sexes,Human Development Index (HDI) - All ratings,PEA27C01,75439.0
2024,All ages,Female,High Human Development Index (HDI),PEA27C01,74127.0
2023,40 - 44 years,Both sexes,Human Development Index (HDI) - All ratings,PEA27C01,72851.0
2024,All ages,Male,High Human Development Index (HDI),PEA27C01,72810.0
2024,35 - 39 years,Both sexes,Human Development Index (HDI) - All ratings,PEA27C01,72465.0
2023,All ages,Female,High Human Development Index (HDI),PEA27C01,70923.0
2023,35 - 39 years,Both sexes,Human Development Index (HDI) - All ratings,PEA27C01,70878.0
2023,All ages,Male,High Human Development Index (HDI),PEA27C01,69182.0
2024,30 - 34 years,Both sexes,Human Development Index (HDI) - All ratings,PEA27C01,65309.0
2023,30 - 34 years,Both sexes,Human Development Index (HDI) - All ratings,PEA27C01,65027.0
2024,All ages,Female,Medium Human Development Index (HDI),PEA27C01,60296.0
2024,45 - 49 years,Both sexes,Human Development Index (HDI) - All ratings,PEA27C01,59954.0
2024,All ages,Male,Medium Human Development Index (HDI),PEA27C01,58542.0
2023,All ages,Female,Medium Human Development Index (HDI),PEA27C01,58026.0
2024,All ages,Both sexes,Low Human Development Index (HDI),PEA27C01,57290.0
2023,45 - 49 years,Both sexes,Human Development Index (HDI) - All ratings,PEA27C01,56992.0
2023,All ages,Male,Medium Human Development Index (HDI),PEA27C01,56380.0
2023,All ages,Both sexes,Low Human Development Index (HDI),PEA27C01,55327.0
2023,25 - 29 years,Both sexes,Human Development Index (HDI) - All ratings,PEA27C01,51103.0
2024,25 - 29 years,Both sexes,Human Development Index (HDI) - All ratings,PEA27C01,50461.0
2024,50 - 54 years,Both sexes,Human Development Index (HDI) - All ratings,PEA27C01,47877.0
2023,50 - 54 years,Both sexes,Human Development Index (HDI) - All ratings,PEA27C01,46146.0
2024,55 - 59 years,Both sexes,Human Development Index (HDI) - All ratings,PEA27C01,42383.0
2023,55 - 59 years,Both sexes,Human Development Index (HDI) - All ratings,PEA27C01,41529.0
2024,10 - 14 years,Both sexes,Human Development Index (HDI) - All ratings,PEA27C01,40778.0
2023,10 - 14 years,Both sexes,Human Development Index (HDI) - All ratings,PEA27C01,40582.0
2024,20 - 24 years,Both sexes,Human Development Index (HDI) - All ratings,PEA27C01,39848.0
2024,15 - 19 years,Both sexes,Human Development Index (HDI) - All ratings,PEA27C01,39420.0
2023,20 - 24 years,Both sexes,Human Development Index (HDI) - All ratings,PEA27C01,38761.0
2024,40 - 44 years,Female,Human Development Index (HDI) - All ratings,PEA27C01,38563.0
2023,15 - 19 years,Both sexes,Human Development Index (HDI) - All ratings,PEA27C01,38175.0
2024,35 - 39 years,Female,Human Development Index (HDI) - All ratings,PEA27C01,37427.0
2024,60 - 64 years,Both sexes,Human Development Index (HDI) - All ratings,PEA27C01,37387.0
2023,40 - 44 years,Female,Human Development Index (HDI) - All ratings,PEA27C01,36927.0
2024,40 - 44 years,Male,Human Development Index (HDI) - All ratings,PEA27C01,36876.0
2023,35 - 39 years,Female,Human Development Index (HDI) - All ratings,PEA27C01,36465.0
2023,5 - 9 years,Both sexes,Human Development Index (HDI) - All ratings,PEA27C01,36048.0
2023,40 - 44 years,Male,Human Development Index (HDI) - All ratings,PEA27C01,35924.0
2024,5 - 9 years,Both sexes,Human Development Index (HDI) - All ratings,PEA27C01,35569.0
2023,60 - 64 years,Both sexes,Human Development Index (HDI) - All ratings,PEA27C01,35309.0
2024,35 - 39 years,Male,Human Development Index (HDI) - All ratings,PEA27C01,35038.0
2023,35 - 39 years,Male,Human Development Index (HDI) - All ratings,PEA27C01,34413.0
2023,30 - 34 years,Female,Human Development Index (HDI) - All ratings,PEA27C01,33292.0
2024,30 - 34 years,Female,Human Development Index (HDI) - All ratings,PEA27C01,33290.0
2024,40 - 44 years,Both sexes,Very High Human Development Index (HDI),PEA27C01,32950.0
2023,40 - 44 years,Both sexes,Very High Human Development Index (HDI),PEA27C01,32793.0
2024,30 - 34 years,Male,Human Development Index (HDI) - All ratings,PEA27C01,32019.0
2023,30 - 34 years,Male,Human Development Index (HDI) - All ratings,PEA27C01,31735.0
2023,Under 5 years,Both sexes,Human Development Index (HDI) - All ratings,PEA27C01,31235.0
2024,Under 5 years,Both sexes,Human Development Index (HDI) - All ratings,PEA27C01,30906.0
2024,45 - 49 years,Both sexes,Very High Human Development Index (HDI),PEA27C01,30421.0
2023,45 - 49 years,Both sexes,Very High Human Development Index (HDI),PEA27C01,30300.0
2024,35 - 39 years,Both sexes,Very High Human Development Index (HDI),PEA27C01,30282.0
2023,35 - 39 years,Both sexes,Very High Human Development Index (HDI),PEA27C01,30265.0
2024,50 - 54 years,Both sexes,Very High Human Development Index (HDI),PEA27C01,30248.0
2024,45 - 49 years,Male,Human Development Index (HDI) - All ratings,PEA27C01,30001.0
2024,45 - 49 years,Female,Human Development Index (HDI) - All ratings,PEA27C01,29953.0
2023,50 - 54 years,Both sexes,Very High Human Development Index (HDI),PEA27C01,29869.0
2024,65 - 69 years,Both sexes,Human Development Index (HDI) - All ratings,PEA27C01,29526.0
2024,All ages,Female,Low Human Development Index (HDI),PEA27C01,29052.0
2023,45 - 49 years,Male,Human Development Index (HDI) - All ratings,PEA27C01,28770.0
2024,55 - 59 years,Both sexes,Very High Human Development Index (HDI),PEA27C01,28528.0
2024,All ages,Male,Low Human Development Index (HDI),PEA27C01,28238.0
2023,45 - 49 years,Female,Human Development Index (HDI) - All ratings,PEA27C01,28222.0
2023,55 - 59 years,Both sexes,Very High Human Development Index (HDI),PEA27C01,28206.0
2023,65 - 69 years,Both sexes,Human Development Index (HDI) - All ratings,PEA27C01,28190.0
2023,All ages,Female,Low Human Development Index (HDI),PEA27C01,27805.0
2023,30 - 34 years,Both sexes,Very High Human Development Index (HDI),PEA27C01,27788.0
2024,30 - 34 years,Both sexes,Very High Human Development Index (HDI),PEA27C01,27655.0
2023,All ages,Male,Low Human Development Index (HDI),PEA27C01,27522.0
2023,25 - 29 years,Female,Human Development Index (HDI) - All ratings,PEA27C01,26352.0
2024,25 - 29 years,Female,Human Development Index (HDI) - All ratings,PEA27C01,26120.0
2024,60 - 64 years,Both sexes,Very High Human Development Index (HDI),PEA27C01,25480.0
2023,10 - 14 years,Both sexes,Very High Human Development Index (HDI),PEA27C01,25108.0
2024,10 - 14 years,Both sexes,Very High Human Development Index (HDI),PEA27C01,25098.0
2023,25 - 29 years,Male,Human Development Index (HDI) - All ratings,PEA27C01,24751.0
2024,50 - 54 years,Male,Human Development Index (HDI) - All ratings,PEA27C01,24678.0
2024,25 - 29 years,Male,Human Development Index (HDI) - All ratings,PEA27C01,24341.0
2023,60 - 64 years,Both sexes,Very High Human Development Index (HDI),PEA27C01,24180.0
2024,25 - 29 years,Both sexes,Very High Human Development Index (HDI),PEA27C01,24145.0
2023,50 - 54 years,Male,Human Development Index (HDI) - All ratings,PEA27C01,24045.0
2023,25 - 29 years,Both sexes,Very High Human Development Index (HDI),PEA27C01,24042.0
2024,70 - 74 years,Both sexes,Human Development Index (HDI) - All ratings,PEA27C01,23692.0
2023,70 - 74 years,Both sexes,Human Development Index (HDI) - All ratings,PEA27C01,23243.0
2024,50 - 54 years,Female,Human Development Index (HDI) - All ratings,PEA27C01,23199.0
2024,15 - 19 years,Both sexes,Very High Human Development Index (HDI),PEA27C01,23022.0
2023,15 - 19 years,Both sexes,Very High Human Development Index (HDI),PEA27C01,22916.0
2023,5 - 9 years,Both sexes,Very High Human Development Index (HDI),PEA27C01,22630.0
2023,50 - 54 years,Female,Human Development Index (HDI) - All ratings,PEA27C01,22101.0
2024,5 - 9 years,Both sexes,Very High Human Development Index (HDI),PEA27C01,22029.0
2023,20 - 24 years,Both sexes,Very High Human Development Index (HDI),PEA27C01,21710.0
2024,55 - 59 years,Male,Human Development Index (HDI) - All ratings,PEA27C01,21680.0
2024,20 - 24 years,Both sexes,Very High Human Development Index (HDI),PEA27C01,21592.0
2023,55 - 59 years,Male,Human Development Index (HDI) - All ratings,PEA27C01,21341.0
2024,10 - 14 years,Male,Human Development Index (HDI) - All ratings,PEA27C01,20939.0
2023,10 - 14 years,Male,Human Development Index (HDI) - All ratings,PEA27C01,20800.0
2024,65 - 69 years,Both sexes,Very High Human Development Index (HDI),PEA27C01,20794.0
2024,55 - 59 years,Female,Human Development Index (HDI) - All ratings,PEA27C01,20703.0
2024,20 - 24 years,Female,Human Development Index (HDI) - All ratings,PEA27C01,20420.0
2023,55 - 59 years,Female,Human Development Index (HDI) - All ratings,PEA27C01,20188.0
2023,65 - 69 years,Both sexes,Very High Human Development Index (HDI),PEA27C01,20001.0
2023,20 - 24 years,Female,Human Development Index (HDI) - All ratings,PEA27C01,19999.0
2024,15 - 19 years,Male,Human Development Index (HDI) - All ratings,PEA27C01,19877.0
2024,10 - 14 years,Female,Human Development Index (HDI) - All ratings,PEA27C01,19839.0
2023,10 - 14 years,Female,Human Development Index (HDI) - All ratings,PEA27C01,19782.0
2024,35 - 39 years,Both sexes,High Human Development Index (HDI),PEA27C01,19572.0
2024,15 - 19 years,Female,Human Development Index (HDI) - All ratings,PEA27C01,19543.0
2024,20 - 24 years,Male,Human Development Index (HDI) - All ratings,PEA27C01,19428.0
2023,Under 5 years,Both sexes,Very High Human Development Index (HDI),PEA27C01,19396.0
2024,40 - 44 years,Both sexes,High Human Development Index (HDI),PEA27C01,19176.0
2024,75 - 79 years,Both sexes,Human Development Index (HDI) - All ratings,PEA27C01,19128.0
2023,15 - 19 years,Female,Human Development Index (HDI) - All ratings,PEA27C01,19123.0
2024,Under 5 years,Both sexes,Very High Human Development Index (HDI),PEA27C01,19079.0
2023,15 - 19 years,Male,Human Development Index (HDI) - All ratings,PEA27C01,19052.0
2024,60 - 64 years,Male,Human Development Index (HDI) - All ratings,PEA27C01,19018.0
2023,20 - 24 years,Male,Human Development Index (HDI) - All ratings,PEA27C01,18762.0
2023,35 - 39 years,Both sexes,High Human Development Index (HDI),PEA27C01,18550.0
2023,75 - 79 years,Both sexes,Human Development Index (HDI) - All ratings,PEA27C01,18515.0
2023,5 - 9 years,Male,Human Development Index (HDI) - All ratings,PEA27C01,18445.0
2024,60 - 64 years,Female,Human Development Index (HDI) - All ratings,PEA27C01,18369.0
2024,5 - 9 years,Male,Human Development Index (HDI) - All ratings,PEA27C01,18223.0
2023,40 - 44 years,Both sexes,High Human Development Index (HDI),PEA27C01,18156.0
2023,60 - 64 years,Male,Human Development Index (HDI) - All ratings,PEA27C01,17905.0
2024,30 - 34 years,Both sexes,High Human Development Index (HDI),PEA27C01,17728.0
2023,5 - 9 years,Female,Human Development Index (HDI) - All ratings,PEA27C01,17603.0
2023,60 - 64 years,Female,Human Development Index (HDI) - All ratings,PEA27C01,17404.0
2024,70 - 74 years,Both sexes,Very High Human Development Index (HDI),PEA27C01,17352.0
2024,5 - 9 years,Female,Human Development Index (HDI) - All ratings,PEA27C01,17346.0
2023,30 - 34 years,Both sexes,High Human Development Index (HDI),PEA27C01,17242.0
2023,70 - 74 years,Both sexes,Very High Human Development Index (HDI),PEA27C01,17153.0
2024,40 - 44 years,Female,Very High Human Development Index (HDI),PEA27C01,16821.0
2023,40 - 44 years,Female,Very High Human Development Index (HDI),PEA27C01,16630.0
2023,40 - 44 years,Male,Very High Human Development Index (HDI),PEA27C01,16163.0
2024,40 - 44 years,Male,Very High Human Development Index (HDI),PEA27C01,16129.0
2023,Under 5 years,Male,Human Development Index (HDI) - All ratings,PEA27C01,15890.0
2024,40 - 44 years,Both sexes,Medium Human Development Index (HDI),PEA27C01,15829.0
2024,50 - 54 years,Male,Very High Human Development Index (HDI),PEA27C01,15580.0
2024,35 - 39 years,Both sexes,Medium Human Development Index (HDI),PEA27C01,15566.0
2023,50 - 54 years,Male,Very High Human Development Index (HDI),PEA27C01,15565.0
2024,Under 5 years,Male,Human Development Index (HDI) - All ratings,PEA27C01,15534.0
2024,35 - 39 years,Female,Very High Human Development Index (HDI),PEA27C01,15520.0
2023,35 - 39 years,Female,Very High Human Development Index (HDI),PEA27C01,15413.0
2024,Under 5 years,Female,Human Development Index (HDI) - All ratings,PEA27C01,15372.0
2023,Under 5 years,Female,Human Development Index (HDI) - All ratings,PEA27C01,15345.0
2024,45 - 49 years,Female,Very High Human Development Index (HDI),PEA27C01,15343.0
2023,45 - 49 years,Male,Very High Human Development Index (HDI),PEA27C01,15249.0
2024,65 - 69 years,Male,Human Development Index (HDI) - All ratings,PEA27C01,15184.0
2023,35 - 39 years,Both sexes,Medium Human Development Index (HDI),PEA27C01,15169.0
2024,45 - 49 years,Male,Very High Human Development Index (HDI),PEA27C01,15078.0
2023,45 - 49 years,Female,Very High Human Development Index (HDI),PEA27C01,15051.0
2023,40 - 44 years,Both sexes,Medium Human Development Index (HDI),PEA27C01,14938.0
2023,35 - 39 years,Male,Very High Human Development Index (HDI),PEA27C01,14852.0
2024,35 - 39 years,Male,Very High Human Development Index (HDI),PEA27C01,14762.0
2024,50 - 54 years,Female,Very High Human Development Index (HDI),PEA27C01,14668.0
2024,55 - 59 years,Male,Very High Human Development Index (HDI),PEA27C01,14598.0
2023,65 - 69 years,Male,Human Development Index (HDI) - All ratings,PEA27C01,14513.0
2023,55 - 59 years,Male,Very High Human Development Index (HDI),PEA27C01,14415.0
2024,65 - 69 years,Female,Human Development Index (HDI) - All ratings,PEA27C01,14342.0
2024,75 - 79 years,Both sexes,Very High Human Development Index (HDI),PEA27C01,14306.0
2023,50 - 54 years,Female,Very High Human Development Index (HDI),PEA27C01,14304.0
2024,30 - 34 years,Both sexes,Medium Human Development Index (HDI),PEA27C01,14286.0
2023,30 - 34 years,Both sexes,Medium Human Development Index (HDI),PEA27C01,14180.0
2023,30 - 34 years,Female,Very High Human Development Index (HDI),PEA27C01,14081.0
2024,30 - 34 years,Female,Very High Human Development Index (HDI),PEA27C01,13974.0
2024,55 - 59 years,Female,Very High Human Development Index (HDI),PEA27C01,13930.0
2023,75 - 79 years,Both sexes,Very High Human Development Index (HDI),PEA27C01,13849.0
2023,55 - 59 years,Female,Very High Human Development Index (HDI),PEA27C01,13791.0
2023,30 - 34 years,Male,Very High Human Development Index (HDI),PEA27C01,13707.0
2024,30 - 34 years,Male,Very High Human Development Index (HDI),PEA27C01,13681.0
2023,65 - 69 years,Female,Human Development Index (HDI) - All ratings,PEA27C01,13677.0
2024,45 - 49 years,Both sexes,High Human Development Index (HDI),PEA27C01,13310.0
2024,60 - 64 years,Male,Very High Human Development Index (HDI),PEA27C01,12922.0
2024,10 - 14 years,Male,Very High Human Development Index (HDI),PEA27C01,12901.0
2023,10 - 14 years,Male,Very High Human Development Index (HDI),PEA27C01,12876.0
2024,60 - 64 years,Female,Very High Human Development Index (HDI),PEA27C01,12558.0
2023,25 - 29 years,Both sexes,High Human Development Index (HDI),PEA27C01,12558.0
2024,25 - 29 years,Female,Very High Human Development Index (HDI),PEA27C01,12290.0
2023,60 - 64 years,Male,Very High Human Development Index (HDI),PEA27C01,12276.0
2023,10 - 14 years,Female,Very High Human Development Index (HDI),PEA27C01,12232.0
2024,25 - 29 years,Both sexes,High Human Development Index (HDI),PEA27C01,12220.0
2024,10 - 14 years,Female,Very High Human Development Index (HDI),PEA27C01,12197.0
2023,25 - 29 years,Female,Very High Human Development Index (HDI),PEA27C01,12160.0
2024,80 - 84 years,Both sexes,Human Development Index (HDI) - All ratings,PEA27C01,12147.0
2024,70 - 74 years,Male,Human Development Index (HDI) - All ratings,PEA27C01,12104.0
2023,45 - 49 years,Both sexes,High Human Development Index (HDI),PEA27C01,12086.0
2023,60 - 64 years,Female,Very High Human Development Index (HDI),PEA27C01,11904.0
2023,70 - 74 years,Male,Human Development Index (HDI) - All ratings,PEA27C01,11891.0
2023,25 - 29 years,Male,Very High Human Development Index (HDI),PEA27C01,11882.0
2024,25 - 29 years,Male,Very High Human Development Index (HDI),PEA27C01,11855.0
2024,15 - 19 years,Male,Very High Human Development Index (HDI),PEA27C01,11723.0
2023,15 - 19 years,Male,Very High Human Development Index (HDI),PEA27C01,11677.0
2024,70 - 74 years,Female,Human Development Index (HDI) - All ratings,PEA27C01,11588.0
2023,5 - 9 years,Male,Very High Human Development Index (HDI),PEA27C01,11573.0
2023,80 - 84 years,Both sexes,Human Development Index (HDI) - All ratings,PEA27C01,11438.0
2023,70 - 74 years,Female,Human Development Index (HDI) - All ratings,PEA27C01,11352.0
2024,5 - 9 years,Male,Very High Human Development Index (HDI),PEA27C01,11305.0
2024,15 - 19 years,Female,Very High Human Development Index (HDI),PEA27C01,11299.0
2023,15 - 19 years,Female,Very High Human Development Index (HDI),PEA27C01,11239.0
2024,85 years and over,Both sexes,Human Development Index (HDI) - All ratings,PEA27C01,11225.0
2023,5 - 9 years,Female,Very High Human Development Index (HDI),PEA27C01,11057.0
2023,20 - 24 years,Male,Very High Human Development Index (HDI),PEA27C01,10946.0
2024,45 - 49 years,Both sexes,Medium Human Development Index (HDI),PEA27C01,10908.0
2024,20 - 24 years,Male,Very High Human Development Index (HDI),PEA27C01,10823.0
2024,20 - 24 years,Female,Very High Human Development Index (HDI),PEA27C01,10769.0
2023,20 - 24 years,Female,Very High Human Development Index (HDI),PEA27C01,10764.0
2024,5 - 9 years,Female,Very High Human Development Index (HDI),PEA27C01,10724.0
2024,65 - 69 years,Male,Very High Human Development Index (HDI),PEA27C01,10680.0
2023,85 years and over,Both sexes,Human Development Index (HDI) - All ratings,PEA27C01,10426.0
2023,25 - 29 years,Both sexes,Medium Human Development Index (HDI),PEA27C01,10327.0
2023,65 - 69 years,Male,Very High Human Development Index (HDI),PEA27C01,10245.0
2024,65 - 69 years,Female,Very High Human Development Index (HDI),PEA27C01,10114.0
2024,35 - 39 years,Female,High Human Development Index (HDI),PEA27C01,10079.0
2024,25 - 29 years,Both sexes,Medium Human Development Index (HDI),PEA27C01,9993.0
2023,Under 5 years,Male,Very High Human Development Index (HDI),PEA27C01,9868.0
2023,45 - 49 years,Both sexes,Medium Human Development Index (HDI),PEA27C01,9812.0
2024,40 - 44 years,Female,High Human Development Index (HDI),PEA27C01,9780.0
2023,65 - 69 years,Female,Very High Human Development Index (HDI),PEA27C01,9756.0
2024,75 - 79 years,Male,Human Development Index (HDI) - All ratings,PEA27C01,9684.0
2024,Under 5 years,Male,Very High Human Development Index (HDI),PEA27C01,9618.0
2023,35 - 39 years,Female,High Human Development Index (HDI),PEA27C01,9535.0
2023,Under 5 years,Female,Very High Human Development Index (HDI),PEA27C01,9528.0
2024,35 - 39 years,Male,High Human Development Index (HDI),PEA27C01,9493.0
2024,Under 5 years,Female,Very High Human Development Index (HDI),PEA27C01,9461.0
2024,75 - 79 years,Female,Human Development Index (HDI) - All ratings,PEA27C01,9444.0
2024,40 - 44 years,Male,High Human Development Index (HDI),PEA27C01,9396.0
2023,75 - 79 years,Male,Human Development Index (HDI) - All ratings,PEA27C01,9351.0
2023,40 - 44 years,Female,High Human Development Index (HDI),PEA27C01,9242.0
2024,80 - 84 years,Both sexes,Very High Human Development Index (HDI),PEA27C01,9177.0
2023,75 - 79 years,Female,Human Development Index (HDI) - All ratings,PEA27C01,9164.0
2024,30 - 34 years,Female,High Human Development Index (HDI),PEA27C01,9071.0
2023,35 - 39 years,Male,High Human Development Index (HDI),PEA27C01,9015.0
2023,40 - 44 years,Male,High Human Development Index (HDI),PEA27C01,8914.0
2023,30 - 34 years,Female,High Human Development Index (HDI),PEA27C01,8873.0
2024,70 - 74 years,Male,Very High Human Development Index (HDI),PEA27C01,8828.0
2023,70 - 74 years,Male,Very High Human Development Index (HDI),PEA27C01,8753.0
2024,30 - 34 years,Male,High Human Development Index (HDI),PEA27C01,8657.0
2023,80 - 84 years,Both sexes,Very High Human Development Index (HDI),PEA27C01,8637.0
2024,70 - 74 years,Female,Very High Human Development Index (HDI),PEA27C01,8524.0
2023,70 - 74 years,Female,Very High Human Development Index (HDI),PEA27C01,8400.0
2023,30 - 34 years,Male,High Human Development Index (HDI),PEA27C01,8369.0
2024,20 - 24 years,Both sexes,High Human Development Index (HDI),PEA27C01,8355.0
2024,85 years and over,Both sexes,Very High Human Development Index (HDI),PEA27C01,8291.0
2024,35 - 39 years,Female,Medium Human Development Index (HDI),PEA27C01,8127.0
2024,40 - 44 years,Female,Medium Human Development Index (HDI),PEA27C01,8091.0
2024,50 - 54 years,Both sexes,High Human Development Index (HDI),PEA27C01,7999.0
2023,35 - 39 years,Female,Medium Human Development Index (HDI),PEA27C01,7881.0
2023,85 years and over,Both sexes,Very High Human Development Index (HDI),PEA27C01,7767.0
2024,40 - 44 years,Male,Medium Human Development Index (HDI),PEA27C01,7738.0
2023,20 - 24 years,Both sexes,High Human Development Index (HDI),PEA27C01,7730.0
2023,40 - 44 years,Female,Medium Human Development Index (HDI),PEA27C01,7593.0
2024,40 - 44 years,Both sexes,Low Human Development Index (HDI),PEA27C01,7484.0
2024,35 - 39 years,Male,Medium Human Development Index (HDI),PEA27C01,7439.0
2023,50 - 54 years,Both sexes,High Human Development Index (HDI),PEA27C01,7346.0
2023,40 - 44 years,Male,Medium Human Development Index (HDI),PEA27C01,7345.0
2023,30 - 34 years,Female,Medium Human Development Index (HDI),PEA27C01,7342.0
2024,15 - 19 years,Both sexes,High Human Development Index (HDI),PEA27C01,7342.0
2024,30 - 34 years,Female,Medium Human Development Index (HDI),PEA27C01,7319.0
2023,35 - 39 years,Male,Medium Human Development Index (HDI),PEA27C01,7288.0
2024,75 - 79 years,Male,Very High Human Development Index (HDI),PEA27C01,7269.0
2024,35 - 39 years,Both sexes,Low Human Development Index (HDI),PEA27C01,7045.0
2024,75 - 79 years,Female,Very High Human Development Index (HDI),PEA27C01,7037.0
2023,75 - 79 years,Male,Very High Human Development Index (HDI),PEA27C01,7008.0
2024,30 - 34 years,Male,Medium Human Development Index (HDI),PEA27C01,6967.0
2023,40 - 44 years,Both sexes,Low Human Development Index (HDI),PEA27C01,6964.0
2024,10 - 14 years,Both sexes,High Human Development Index (HDI),PEA27C01,6920.0
2023,35 - 39 years,Both sexes,Low Human Development Index (HDI),PEA27C01,6894.0
2023,75 - 79 years,Female,Very High Human Development Index (HDI),PEA27C01,6841.0
2023,30 - 34 years,Male,Medium Human Development Index (HDI),PEA27C01,6838.0
2023,15 - 19 years,Both sexes,High Human Development Index (HDI),PEA27C01,6811.0
2024,20 - 24 years,Both sexes,Medium Human Development Index (HDI),PEA27C01,6757.0
2023,10 - 14 years,Both sexes,High Human Development Index (HDI),PEA27C01,6754.0
2024,45 - 49 years,Male,High Human Development Index (HDI),PEA27C01,6734.0
2023,25 - 29 years,Female,High Human Development Index (HDI),PEA27C01,6592.0
2024,45 - 49 years,Female,High Human Development Index (HDI),PEA27C01,6576.0
2024,85 years and over,Female,Human Development Index (HDI) - All ratings,PEA27C01,6433.0
2024,25 - 29 years,Female,High Human Development Index (HDI),PEA27C01,6375.0
2024,50 - 54 years,Both sexes,Medium Human Development Index (HDI),PEA27C01,6357.0
2023,20 - 24 years,Both sexes,Medium Human Development Index (HDI),PEA27C01,6306.0
2024,80 - 84 years,Female,Human Development Index (HDI) - All ratings,PEA27C01,6271.0
2024,55 - 59 years,Both sexes,High Human Development Index (HDI),PEA27C01,6222.0
2023,45 - 49 years,Male,High Human Development Index (HDI),PEA27C01,6062.0
2023,85 years and over,Female,Human Development Index (HDI) - All ratings,PEA27C01,6037.0
2023,45 - 49 years,Female,High Human Development Index (HDI),PEA27C01,6024.0
2023,25 - 29 years,Male,High Human Development Index (HDI),PEA27C01,5966.0
2024,5 - 9 years,Both sexes,High Human Development Index (HDI),PEA27C01,5941.0
2023,5 - 9 years,Both sexes,High Human Development Index (HDI),PEA27C01,5910.0
2023,55 - 59 years,Both sexes,High Human Development Index (HDI),PEA27C01,5897.0
2024,80 - 84 years,Male,Human Development Index (HDI) - All ratings,PEA27C01,5876.0
2023,50 - 54 years,Both sexes,Medium Human Development Index (HDI),PEA27C01,5868.0
2023,80 - 84 years,Female,Human Development Index (HDI) - All ratings,PEA27C01,5862.0
2024,25 - 29 years,Male,High Human Development Index (HDI),PEA27C01,5845.0
2024,15 - 19 years,Both sexes,Medium Human Development Index (HDI),PEA27C01,5843.0
2023,30 - 34 years,Both sexes,Low Human Development Index (HDI),PEA27C01,5817.0
2024,30 - 34 years,Both sexes,Low Human Development Index (HDI),PEA27C01,5640.0
2023,10 - 14 years,Both sexes,Medium Human Development Index (HDI),PEA27C01,5622.0
2024,10 - 14 years,Both sexes,Medium Human Development Index (HDI),PEA27C01,5592.0
2023,80 - 84 years,Male,Human Development Index (HDI) - All ratings,PEA27C01,5576.0
2024,45 - 49 years,Male,Medium Human Development Index (HDI),PEA27C01,5488.0
2023,25 - 29 years,Female,Medium Human Development Index (HDI),PEA27C01,5477.0
2024,45 - 49 years,Female,Medium Human Development Index (HDI),PEA27C01,5420.0
2023,15 - 19 years,Both sexes,Medium Human Development Index (HDI),PEA27C01,5407.0
2024,60 - 64 years,Both sexes,High Human Development Index (HDI),PEA27C01,5376.0
2024,45 - 49 years,Both sexes,Low Human Development Index (HDI),PEA27C01,5315.0
2024,25 - 29 years,Female,Medium Human Development Index (HDI),PEA27C01,5291.0
2023,Under 5 years,Both sexes,High Human Development Index (HDI),PEA27C01,5226.0
2024,Under 5 years,Both sexes,High Human Development Index (HDI),PEA27C01,5201.0
2024,55 - 59 years,Both sexes,Medium Human Development Index (HDI),PEA27C01,5104.0
2023,45 - 49 years,Male,Medium Human Development Index (HDI),PEA27C01,4950.0
2024,5 - 9 years,Both sexes,Medium Human Development Index (HDI),PEA27C01,4903.0
2023,60 - 64 years,Both sexes,High Human Development Index (HDI),PEA27C01,4893.0
2023,45 - 49 years,Female,Medium Human Development Index (HDI),PEA27C01,4862.0
2023,25 - 29 years,Male,Medium Human Development Index (HDI),PEA27C01,4850.0
2023,55 - 59 years,Both sexes,Medium Human Development Index (HDI),PEA27C01,4843.0
2023,5 - 9 years,Both sexes,Medium Human Development Index (HDI),PEA27C01,4824.0
2023,45 - 49 years,Both sexes,Low Human Development Index (HDI),PEA27C01,4794.0
2024,85 years and over,Male,Human Development Index (HDI) - All ratings,PEA27C01,4792.0
2024,80 - 84 years,Female,Very High Human Development Index (HDI),PEA27C01,4763.0
2024,85 years and over,Female,Very High Human Development Index (HDI),PEA27C01,4755.0
2024,25 - 29 years,Male,Medium Human Development Index (HDI),PEA27C01,4702.0
2023,85 years and over,Female,Very High Human Development Index (HDI),PEA27C01,4530.0
2023,80 - 84 years,Female,Very High Human Development Index (HDI),PEA27C01,4460.0
2024,20 - 24 years,Female,High Human Development Index (HDI),PEA27C01,4434.0
2024,80 - 84 years,Male,Very High Human Development Index (HDI),PEA27C01,4414.0
2023,85 years and over,Male,Human Development Index (HDI) - All ratings,PEA27C01,4389.0
2024,Under 5 years,Both sexes,Medium Human Development Index (HDI),PEA27C01,4331.0
2023,20 - 24 years,Female,High Human Development Index (HDI),PEA27C01,4229.0
2023,Under 5 years,Both sexes,Medium Human Development Index (HDI),PEA27C01,4222.0
2024,60 - 64 years,Both sexes,Medium Human Development Index (HDI),PEA27C01,4218.0
2023,80 - 84 years,Male,Very High Human Development Index (HDI),PEA27C01,4177.0
2023,25 - 29 years,Both sexes,Low Human Development Index (HDI),PEA27C01,4176.0
2023,60 - 64 years,Both sexes,Medium Human Development Index (HDI),PEA27C01,4155.0
2024,50 - 54 years,Male,High Human Development Index (HDI),PEA27C01,4115.0
2024,25 - 29 years,Both sexes,Low Human Development Index (HDI),PEA27C01,4103.0
2024,20 - 24 years,Male,High Human Development Index (HDI),PEA27C01,3921.0
2024,65 - 69 years,Both sexes,High Human Development Index (HDI),PEA27C01,3917.0
2024,50 - 54 years,Female,High Human Development Index (HDI),PEA27C01,3884.0
2024,40 - 44 years,Female,Low Human Development Index (HDI),PEA27C01,3871.0
2023,50 - 54 years,Male,High Human Development Index (HDI),PEA27C01,3849.0
2023,65 - 69 years,Both sexes,High Human Development Index (HDI),PEA27C01,3735.0
2024,35 - 39 years,Female,Low Human Development Index (HDI),PEA27C01,3701.0
2024,15 - 19 years,Female,High Human Development Index (HDI),PEA27C01,3680.0
2024,15 - 19 years,Male,High Human Development Index (HDI),PEA27C01,3662.0
2023,35 - 39 years,Female,Low Human Development Index (HDI),PEA27C01,3636.0
2024,40 - 44 years,Male,Low Human Development Index (HDI),PEA27C01,3613.0
2024,20 - 24 years,Female,Medium Human Development Index (HDI),PEA27C01,3602.0
2024,10 - 14 years,Male,High Human Development Index (HDI),PEA27C01,3591.0
2023,15 - 19 years,Female,High Human Development Index (HDI),PEA27C01,3565.0
2024,85 years and over,Male,Very High Human Development Index (HDI),PEA27C01,3536.0
2023,40 - 44 years,Male,Low Human Development Index (HDI),PEA27C01,3502.0
2023,20 - 24 years,Male,High Human Development Index (HDI),PEA27C01,3501.0
2023,50 - 54 years,Female,High Human Development Index (HDI),PEA27C01,3497.0
2023,40 - 44 years,Female,Low Human Development Index (HDI),PEA27C01,3462.0
2023,20 - 24 years,Female,Medium Human Development Index (HDI),PEA27C01,3449.0
2023,10 - 14 years,Male,High Human Development Index (HDI),PEA27C01,3435.0
2024,35 - 39 years,Male,Low Human Development Index (HDI),PEA27C01,3344.0
2024,10 - 14 years,Female,High Human Development Index (HDI),PEA27C01,3329.0
2023,10 - 14 years,Female,High Human Development Index (HDI),PEA27C01,3319.0
2024,50 - 54 years,Both sexes,Low Human Development Index (HDI),PEA27C01,3273.0
2023,35 - 39 years,Male,Low Human Development Index (HDI),PEA27C01,3258.0
2023,15 - 19 years,Male,High Human Development Index (HDI),PEA27C01,3246.0
2024,50 - 54 years,Male,Medium Human Development Index (HDI),PEA27C01,3238.0
2023,85 years and over,Male,Very High Human Development Index (HDI),PEA27C01,3237.0
2024,15 - 19 years,Both sexes,Low Human Development Index (HDI),PEA27C01,3213.0
2024,55 - 59 years,Male,High Human Development Index (HDI),PEA27C01,3170.0
2024,10 - 14 years,Both sexes,Low Human Development Index (HDI),PEA27C01,3168.0
2024,20 - 24 years,Male,Medium Human Development Index (HDI),PEA27C01,3155.0
2024,20 - 24 years,Both sexes,Low Human Development Index (HDI),PEA27C01,3144.0
2024,50 - 54 years,Female,Medium Human Development Index (HDI),PEA27C01,3119.0
2023,10 - 14 years,Both sexes,Low Human Development Index (HDI),PEA27C01,3098.0
2023,55 - 59 years,Male,High Human Development Index (HDI),PEA27C01,3089.0
2023,50 - 54 years,Both sexes,Low Human Development Index (HDI),PEA27C01,3063.0
2024,55 - 59 years,Female,High Human Development Index (HDI),PEA27C01,3052.0
2024,65 - 69 years,Both sexes,Medium Human Development Index (HDI),PEA27C01,3051.0
2023,5 - 9 years,Male,High Human Development Index (HDI),PEA27C01,3042.0
2023,15 - 19 years,Both sexes,Low Human Development Index (HDI),PEA27C01,3041.0
2024,5 - 9 years,Male,High Human Development Index (HDI),PEA27C01,3040.0
2023,50 - 54 years,Male,Medium Human Development Index (HDI),PEA27C01,3032.0
2023,20 - 24 years,Both sexes,Low Human Development Index (HDI),PEA27C01,3015.0
2023,30 - 34 years,Female,Low Human Development Index (HDI),PEA27C01,2996.0
2024,15 - 19 years,Female,Medium Human Development Index (HDI),PEA27C01,2966.0
2024,30 - 34 years,Female,Low Human Development Index (HDI),PEA27C01,2926.0
2023,10 - 14 years,Male,Medium Human Development Index (HDI),PEA27C01,2922.0
2024,5 - 9 years,Female,High Human Development Index (HDI),PEA27C01,2901.0
2024,15 - 19 years,Male,Medium Human Development Index (HDI),PEA27C01,2877.0
2023,65 - 69 years,Both sexes,Medium Human Development Index (HDI),PEA27C01,2871.0
2023,5 - 9 years,Female,High Human Development Index (HDI),PEA27C01,2868.0
2023,20 - 24 years,Male,Medium Human Development Index (HDI),PEA27C01,2857.0
2024,10 - 14 years,Male,Medium Human Development Index (HDI),PEA27C01,2851.0
2023,50 - 54 years,Female,Medium Human Development Index (HDI),PEA27C01,2836.0
2023,30 - 34 years,Male,Low Human Development Index (HDI),PEA27C01,2821.0
2023,55 - 59 years,Female,High Human Development Index (HDI),PEA27C01,2808.0
2024,70 - 74 years,Both sexes,High Human Development Index (HDI),PEA27C01,2791.0
2023,15 - 19 years,Female,Medium Human Development Index (HDI),PEA27C01,2790.0
2024,60 - 64 years,Male,High Human Development Index (HDI),PEA27C01,2757.0
2024,10 - 14 years,Female,Medium Human Development Index (HDI),PEA27C01,2741.0
2024,30 - 34 years,Male,Low Human Development Index (HDI),PEA27C01,2714.0
2024,45 - 49 years,Male,Low Human Development Index (HDI),PEA27C01,2701.0
2023,10 - 14 years,Female,Medium Human Development Index (HDI),PEA27C01,2700.0
2024,5 - 9 years,Both sexes,Low Human Development Index (HDI),PEA27C01,2696.0
2023,5 - 9 years,Both sexes,Low Human Development Index (HDI),PEA27C01,2684.0
2023,70 - 74 years,Both sexes,High Human Development Index (HDI),PEA27C01,2681.0
2023,Under 5 years,Male,High Human Development Index (HDI),PEA27C01,2631.0
2024,60 - 64 years,Female,High Human Development Index (HDI),PEA27C01,2619.0
2023,15 - 19 years,Male,Medium Human Development Index (HDI),PEA27C01,2617.0
2024,45 - 49 years,Female,Low Human Development Index (HDI),PEA27C01,2614.0
2024,Under 5 years,Female,High Human Development Index (HDI),PEA27C01,2610.0
2024,55 - 59 years,Male,Medium Human Development Index (HDI),PEA27C01,2595.0
2023,Under 5 years,Female,High Human Development Index (HDI),PEA27C01,2595.0
2024,Under 5 years,Male,High Human Development Index (HDI),PEA27C01,2591.0
2023,55 - 59 years,Both sexes,Low Human Development Index (HDI),PEA27C01,2583.0
2024,55 - 59 years,Both sexes,Low Human Development Index (HDI),PEA27C01,2529.0
2023,55 - 59 years,Male,Medium Human Development Index (HDI),PEA27C01,2515.0
2023,45 - 49 years,Male,Low Human Development Index (HDI),PEA27C01,2509.0
2024,55 - 59 years,Female,Medium Human Development Index (HDI),PEA27C01,2509.0
2023,60 - 64 years,Male,High Human Development Index (HDI),PEA27C01,2500.0
2023,5 - 9 years,Male,Medium Human Development Index (HDI),PEA27C01,2482.0
2024,5 - 9 years,Male,Medium Human Development Index (HDI),PEA27C01,2481.0
2024,5 - 9 years,Female,Medium Human Development Index (HDI),PEA27C01,2422.0
2023,60 - 64 years,Female,High Human Development Index (HDI),PEA27C01,2393.0
2023,Under 5 years,Both sexes,Low Human Development Index (HDI),PEA27C01,2391.0
2023,5 - 9 years,Female,Medium Human Development Index (HDI),PEA27C01,2342.0
2023,55 - 59 years,Female,Medium Human Development Index (HDI),PEA27C01,2328.0
2024,60 - 64 years,Both sexes,Low Human Development Index (HDI),PEA27C01,2313.0
2024,Under 5 years,Both sexes,Low Human Development Index (HDI),PEA27C01,2295.0
2023,45 - 49 years,Female,Low Human Development Index (HDI),PEA27C01,2285.0
2024,70 - 74 years,Both sexes,Medium Human Development Index (HDI),PEA27C01,2268.0
2024,75 - 79 years,Both sexes,High Human Development Index (HDI),PEA27C01,2212.0
2024,Under 5 years,Male,Medium Human Development Index (HDI),PEA27C01,2189.0
2023,70 - 74 years,Both sexes,Medium Human Development Index (HDI),PEA27C01,2188.0
2024,60 - 64 years,Male,Medium Human Development Index (HDI),PEA27C01,2186.0
2024,25 - 29 years,Female,Low Human Development Index (HDI),PEA27C01,2164.0
2023,Under 5 years,Male,Medium Human Development Index (HDI),PEA27C01,2154.0
2024,Under 5 years,Female,Medium Human Development Index (HDI),PEA27C01,2142.0
2023,60 - 64 years,Male,Medium Human Development Index (HDI),PEA27C01,2133.0
2023,75 - 79 years,Both sexes,High Human Development Index (HDI),PEA27C01,2128.0
2023,25 - 29 years,Female,Low Human Development Index (HDI),PEA27C01,2123.0
2023,60 - 64 years,Both sexes,Low Human Development Index (HDI),PEA27C01,2081.0
2023,Under 5 years,Female,Medium Human Development Index (HDI),PEA27C01,2068.0
2023,25 - 29 years,Male,Low Human Development Index (HDI),PEA27C01,2053.0
2024,65 - 69 years,Male,High Human Development Index (HDI),PEA27C01,2048.0
2024,60 - 64 years,Female,Medium Human Development Index (HDI),PEA27C01,2032.0
2023,60 - 64 years,Female,Medium Human Development Index (HDI),PEA27C01,2022.0
2023,65 - 69 years,Male,High Human Development Index (HDI),PEA27C01,1951.0
2024,25 - 29 years,Male,Low Human Development Index (HDI),PEA27C01,1939.0
2024,65 - 69 years,Female,High Human Development Index (HDI),PEA27C01,1869.0
2023,65 - 69 years,Female,High Human Development Index (HDI),PEA27C01,1784.0
2024,65 - 69 years,Both sexes,Low Human Development Index (HDI),PEA27C01,1764.0
2024,50 - 54 years,Male,Low Human Development Index (HDI),PEA27C01,1745.0
2024,75 - 79 years,Both sexes,Medium Human Development Index (HDI),PEA27C01,1701.0
2023,75 - 79 years,Both sexes,Medium Human Development Index (HDI),PEA27C01,1670.0
2024,20 - 24 years,Female,Low Human Development Index (HDI),PEA27C01,1615.0
2024,15 - 19 years,Male,Low Human Development Index (HDI),PEA27C01,1615.0
2023,50 - 54 years,Male,Low Human Development Index (HDI),PEA27C01,1599.0
2024,15 - 19 years,Female,Low Human Development Index (HDI),PEA27C01,1598.0
2024,10 - 14 years,Male,Low Human Development Index (HDI),PEA27C01,1596.0
2023,65 - 69 years,Both sexes,Low Human Development Index (HDI),PEA27C01,1583.0
2024,65 - 69 years,Male,Medium Human Development Index (HDI),PEA27C01,1581.0
2024,10 - 14 years,Female,Low Human Development Index (HDI),PEA27C01,1572.0
2023,10 - 14 years,Male,Low Human Development Index (HDI),PEA27C01,1567.0
2023,20 - 24 years,Female,Low Human Development Index (HDI),PEA27C01,1557.0
2023,10 - 14 years,Female,Low Human Development Index (HDI),PEA27C01,1531.0
2023,15 - 19 years,Female,Low Human Development Index (HDI),PEA27C01,1529.0
2024,20 - 24 years,Male,Low Human Development Index (HDI),PEA27C01,1529.0
2024,50 - 54 years,Female,Low Human Development Index (HDI),PEA27C01,1528.0
2023,15 - 19 years,Male,Low Human Development Index (HDI),PEA27C01,1512.0
2023,65 - 69 years,Male,Medium Human Development Index (HDI),PEA27C01,1490.0
2024,65 - 69 years,Female,Medium Human Development Index (HDI),PEA27C01,1470.0
2023,50 - 54 years,Female,Low Human Development Index (HDI),PEA27C01,1464.0
2023,20 - 24 years,Male,Low Human Development Index (HDI),PEA27C01,1458.0
2024,70 - 74 years,Male,High Human Development Index (HDI),PEA27C01,1425.0
2024,5 - 9 years,Male,Low Human Development Index (HDI),PEA27C01,1397.0
2023,65 - 69 years,Female,Medium Human Development Index (HDI),PEA27C01,1381.0
2023,70 - 74 years,Male,High Human Development Index (HDI),PEA27C01,1371.0
2024,70 - 74 years,Female,High Human Development Index (HDI),PEA27C01,1366.0
2023,5 - 9 years,Male,Low Human Development Index (HDI),PEA27C01,1348.0
2024,85 years and over,Both sexes,High Human Development Index (HDI),PEA27C01,1343.0
2023,5 - 9 years,Female,Low Human Development Index (HDI),PEA27C01,1336.0
2023,55 - 59 years,Male,Low Human Development Index (HDI),PEA27C01,1322.0
2024,55 - 59 years,Male,Low Human Development Index (HDI),PEA27C01,1317.0
2024,80 - 84 years,Both sexes,High Human Development Index (HDI),PEA27C01,1312.0
2023,70 - 74 years,Female,High Human Development Index (HDI),PEA27C01,1310.0
2024,5 - 9 years,Female,Low Human Development Index (HDI),PEA27C01,1299.0
2024,70 - 74 years,Both sexes,Low Human Development Index (HDI),PEA27C01,1281.0
2023,55 - 59 years,Female,Low Human Development Index (HDI),PEA27C01,1261.0
2023,Under 5 years,Male,Low Human Development Index (HDI),PEA27C01,1237.0
2023,70 - 74 years,Both sexes,Low Human Development Index (HDI),PEA27C01,1221.0
2024,55 - 59 years,Female,Low Human Development Index (HDI),PEA27C01,1212.0
2023,80 - 84 years,Both sexes,High Human Development Index (HDI),PEA27C01,1203.0
2023,85 years and over,Both sexes,High Human Development Index (HDI),PEA27C01,1199.0
2024,70 - 74 years,Male,Medium Human Development Index (HDI),PEA27C01,1196.0
2024,60 - 64 years,Female,Low Human Development Index (HDI),PEA27C01,1160.0
2024,Under 5 years,Female,Low Human Development Index (HDI),PEA27C01,1159.0
2023,Under 5 years,Female,Low Human Development Index (HDI),PEA27C01,1154.0
2024,60 - 64 years,Male,Low Human Development Index (HDI),PEA27C01,1153.0
2023,70 - 74 years,Male,Medium Human Development Index (HDI),PEA27C01,1148.0
2024,Under 5 years,Male,Low Human Development Index (HDI),PEA27C01,1136.0
2024,75 - 79 years,Male,High Human Development Index (HDI),PEA27C01,1129.0
2023,75 - 79 years,Male,High Human Development Index (HDI),PEA27C01,1092.0
2023,60 - 64 years,Female,Low Human Development Index (HDI),PEA27C01,1085.0
2024,75 - 79 years,Female,High Human Development Index (HDI),PEA27C01,1083.0
2024,80 - 84 years,Both sexes,Medium Human Development Index (HDI),PEA27C01,1078.0
2024,70 - 74 years,Female,Medium Human Development Index (HDI),PEA27C01,1072.0
2024,85 years and over,Both sexes,Medium Human Development Index (HDI),PEA27C01,1053.0
2023,80 - 84 years,Both sexes,Medium Human Development Index (HDI),PEA27C01,1049.0
2023,70 - 74 years,Female,Medium Human Development Index (HDI),PEA27C01,1040.0
2023,75 - 79 years,Female,High Human Development Index (HDI),PEA27C01,1036.0
2023,60 - 64 years,Male,Low Human Development Index (HDI),PEA27C01,996.0
2023,85 years and over,Both sexes,Medium Human Development Index (HDI),PEA27C01,955.0
2024,75 - 79 years,Both sexes,Low Human Development Index (HDI),PEA27C01,909.0
2024,65 - 69 years,Female,Low Human Development Index (HDI),PEA27C01,889.0
2024,65 - 69 years,Male,Low Human Development Index (HDI),PEA27C01,875.0
2023,75 - 79 years,Both sexes,Low Human Development Index (HDI),PEA27C01,868.0
2024,75 - 79 years,Female,Medium Human Development Index (HDI),PEA27C01,867.0
2023,75 - 79 years,Male,Medium Human Development Index (HDI),PEA27C01,841.0
2024,75 - 79 years,Male,Medium Human Development Index (HDI),PEA27C01,834.0
2023,75 - 79 years,Female,Medium Human Development Index (HDI),PEA27C01,829.0
2023,65 - 69 years,Male,Low Human Development Index (HDI),PEA27C01,827.0
2024,85 years and over,Female,High Human Development Index (HDI),PEA27C01,765.0
2023,65 - 69 years,Female,Low Human Development Index (HDI),PEA27C01,756.0
2023,85 years and over,Female,High Human Development Index (HDI),PEA27C01,658.0
2024,80 - 84 years,Male,High Human Development Index (HDI),PEA27C01,658.0
2024,70 - 74 years,Male,Low Human Development Index (HDI),PEA27C01,655.0
2024,80 - 84 years,Female,High Human Development Index (HDI),PEA27C01,654.0
2024,70 - 74 years,Female,Low Human Development Index (HDI),PEA27C01,626.0
2023,70 - 74 years,Male,Low Human Development Index (HDI),PEA27C01,619.0
2023,80 - 84 years,Male,High Human Development Index (HDI),PEA27C01,608.0
2023,70 - 74 years,Female,Low Human Development Index (HDI),PEA27C01,602.0
2023,80 - 84 years,Female,High Human Development Index (HDI),PEA27C01,595.0
2024,80 - 84 years,Both sexes,Low Human Development Index (HDI),PEA27C01,580.0
2024,85 years and over,Male,High Human Development Index (HDI),PEA27C01,578.0
2024,85 years and over,Female,Medium Human Development Index (HDI),PEA27C01,573.0
2023,80 - 84 years,Both sexes,Low Human Development Index (HDI),PEA27C01,549.0
2023,85 years and over,Female,Medium Human Development Index (HDI),PEA27C01,547.0
2024,80 - 84 years,Male,Medium Human Development Index (HDI),PEA27C01,545.0
2023,85 years and over,Male,High Human Development Index (HDI),PEA27C01,541.0
2023,80 - 84 years,Female,Medium Human Development Index (HDI),PEA27C01,539.0
2024,85 years and over,Both sexes,Low Human Development Index (HDI),PEA27C01,538.0
2024,80 - 84 years,Female,Medium Human Development Index (HDI),PEA27C01,533.0
2023,80 - 84 years,Male,Medium Human Development Index (HDI),PEA27C01,510.0
2023,85 years and over,Both sexes,Low Human Development Index (HDI),PEA27C01,505.0
2024,85 years and over,Male,Medium Human Development Index (HDI),PEA27C01,480.0
2023,75 - 79 years,Female,Low Human Development Index (HDI),PEA27C01,458.0
2024,75 - 79 years,Female,Low Human Development Index (HDI),PEA27C01,457.0
2024,75 - 79 years,Male,Low Human Development Index (HDI),PEA27C01,452.0
2023,75 - 79 years,Male,Low Human Development Index (HDI),PEA27C01,410.0
2023,85 years and over,Male,Medium Human Development Index (HDI),PEA27C01,408.0
2024,85 years and over,Female,Low Human Development Index (HDI),PEA27C01,340.0
2024,80 - 84 years,Female,Low Human Development Index (HDI),PEA27C01,321.0
2023,85 years and over,Female,Low Human Development Index (HDI),PEA27C01,302.0
2023,80 - 84 years,Male,Low Human Development Index (HDI),PEA27C01,281.0
2023,80 - 84 years,Female,Low Human Development Index (HDI),PEA27C01,268.0
2024,80 - 84 years,Male,Low Human Development Index (HDI),PEA27C01,259.0
2023,85 years and over,Male,Low Human Development Index (HDI),PEA27C01,203.0
2024,85 years and over,Male,Low Human Development Index (HDI),PEA27C01,198.0
