STATISTIC,STATISTIC_label,statistic,TLIST(A1),TLIST(A1)_label,year,C02076V03371,C02076V03371_label,age_group,C03788V04538,C03788V04538_label,nuts_3_region,value
VSA104C01,Total period of fertility rate,Total period of fertility rate,1969,1969,1969,-,All ages,All ages,IE0,Ireland,Ireland,3.85
VSA104C01,Total period of fertility rate,Total period of fertility rate,1970,1970,1970,-,All ages,All ages,IE0,Ireland,Ireland,3.87
VSA104C01,Total period of fertility rate,Total period of fertility rate,1971,1971,1971,-,All ages,All ages,IE0,Ireland,Ireland,3.98
VSA104C01,Total period of fertility rate,Total period of fertility rate,1972,1972,1972,-,All ages,All ages,IE0,Ireland,Ireland,3.88
VSA104C01,Total period of fertility rate,Total period of fertility rate,1973,1973,1973,-,All ages,All ages,IE0,Ireland,Ireland,3.74
VSA104C01,Total period of fertility rate,Total period of fertility rate,1974,1974,1974,-,All ages,All ages,IE0,Ireland,Ireland,3.62
VSA104C01,Total period of fertility rate,Total period of fertility rate,1975,1975,1975,-,All ages,All ages,IE0,Ireland,Ireland,3.4
VSA104C01,Total period of fertility rate,Total period of fertility rate,1976,1976,1976,-,All ages,All ages,IE0,Ireland,Ireland,3.31
VSA104C01,Total period of fertility rate,Total period of fertility rate,1977,1977,1977,-,All ages,All ages,IE0,Ireland,Ireland,3.27
VSA104C01,Total period of fertility rate,Total period of fertility rate,1978,1978,1978,-,All ages,All ages,IE0,Ireland,Ireland,3.24
VSA104C01,Total period of fertility rate,Total period of fertility rate,1979,1979,1979,-,All ages,All ages,IE0,Ireland,Ireland,3.23
VSA104C01,Total period of fertility rate,Total period of fertility rate,1980,1980,1980,-,All ages,All ages,IE0,Ireland,Ireland,3.23
VSA104C01,Total period of fertility rate,Total period of fertility rate,1981,1981,1981,-,All ages,All ages,IE0,Ireland,Ireland,3.07
VSA104C01,Total period of fertility rate,Total period of fertility rate,1982,1982,1982,-,All ages,All ages,IE0,Ireland,Ireland,2.96
VSA104C01,Total period of fertility rate,Total period of fertility rate,1983,1983,1983,-,All ages,All ages,IE0,Ireland,Ireland,2.76
VSA104C01,Total period of fertility rate,Total period of fertility rate,1984,1984,1984,-,All ages,All ages,IE0,Ireland,Ireland,2.59
VSA104C01,Total period of fertility rate,Total period of fertility rate,1985,1985,1985,-,All ages,All ages,IE0,Ireland,Ireland,2.5
VSA104C01,Total period of fertility rate,Total period of fertility rate,1986,1986,1986,-,All ages,All ages,IE0,Ireland,Ireland,2.44
VSA104C01,Total period of fertility rate,Total period of fertility rate,1987,1987,1987,-,All ages,All ages,IE0,Ireland,Ireland,2.31
VSA104C01,Total period of fertility rate,Total period of fertility rate,1988,1988,1988,-,All ages,All ages,IE0,Ireland,Ireland,2.17
VSA104C01,Total period of fertility rate,Total period of fertility rate,1989,1989,1989,-,All ages,All ages,IE0,Ireland,Ireland,2.08
VSA104C01,Total period of fertility rate,Total period of fertility rate,1990,1990,1990,-,All ages,All ages,IE0,Ireland,Ireland,2.12
VSA104C01,Total period of fertility rate,Total period of fertility rate,1991,1991,1991,-,All ages,All ages,IE0,Ireland,Ireland,2.09
VSA104C01,Total period of fertility rate,Total period of fertility rate,1992,1992,1992,-,All ages,All ages,IE0,Ireland,Ireland,1.99
VSA104C01,Total period of fertility rate,Total period of fertility rate,1993,1993,1993,-,All ages,All ages,IE0,Ireland,Ireland,1.91
VSA104C01,Total period of fertility rate,Total period of fertility rate,1994,1994,1994,-,All ages,All ages,IE0,Ireland,Ireland,1.85
VSA104C01,Total period of fertility rate,Total period of fertility rate,1995,1995,1995,-,All ages,All ages,IE0,Ireland,Ireland,1.85
VSA104C01,Total period of fertility rate,Total period of fertility rate,1996,1996,1996,-,All ages,All ages,IE0,Ireland,Ireland,1.89
VSA104C01,Total period of fertility rate,Total period of fertility rate,1997,1997,1997,-,All ages,All ages,IE0,Ireland,Ireland,1.94
VSA104C01,Total period of fertility rate,Total period of fertility rate,1998,1998,1998,-,All ages,All ages,IE0,Ireland,Ireland,1.95
VSA104C01,Total period of fertility rate,Total period of fertility rate,1999,1999,1999,-,All ages,All ages,IE0,Ireland,Ireland,1.91
VSA104C01,Total period of fertility rate,Total period of fertility rate,2000,2000,2000,-,All ages,All ages,IE0,Ireland,Ireland,1.9
VSA104C01,Total period of fertility rate,Total period of fertility rate,2001,2001,2001,-,All ages,All ages,IE0,Ireland,Ireland,1.96
VSA104C01,Total period of fertility rate,Total period of fertility rate,2002,2002,2002,-,All ages,All ages,IE0,Ireland,Ireland,1.98
VSA104C01,Total period of fertility rate,Total period of fertility rate,2003,2003,2003,-,All ages,All ages,IE0,Ireland,Ireland,1.98
VSA104C01,Total period of fertility rate,Total period of fertility rate,2004,2004,2004,-,All ages,All ages,IE0,Ireland,Ireland,1.95
VSA104C01,Total period of fertility rate,Total period of fertility rate,2005,2005,2005,-,All ages,All ages,IE0,Ireland,Ireland,1.88
VSA104C01,Total period of fertility rate,Total period of fertility rate,2006,2006,2006,-,All ages,All ages,IE0,Ireland,Ireland,1.94
VSA104C01,Total period of fertility rate,Total period of fertility rate,2007,2007,2007,-,All ages,All ages,IE0,Ireland,Ireland,2.03
VSA104C01,Total period of fertility rate,Total period of fertility rate,2008,2008,2008,-,All ages,All ages,IE0,Ireland,Ireland,2.07
VSA104C01,Total period of fertility rate,Total period of fertility rate,2009,2009,2009,-,All ages,All ages,IE0,Ireland,Ireland,2.06
VSA104C01,Total period of fertility rate,Total period of fertility rate,2010,2010,2010,-,All ages,All ages,IE0,Ireland,Ireland,2.06
VSA104C01,Total period of fertility rate,Total period of fertility rate,2011,2011,2011,-,All ages,All ages,IE0,Ireland,Ireland,2.02
VSA104C01,Total period of fertility rate,Total period of fertility rate,2012,2012,2012,-,All ages,All ages,IE0,Ireland,Ireland,1.98
VSA104C01,Total period of fertility rate,Total period of fertility rate,2013,2013,2013,-,All ages,All ages,IE0,Ireland,Ireland,1.93
VSA104C01,Total period of fertility rate,Total period of fertility rate,2014,2014,2014,-,All ages,All ages,IE0,Ireland,Ireland,1.9
VSA104C01,Total period of fertility rate,Total period of fertility rate,2015,2015,2015,-,All ages,All ages,IE0,Ireland,Ireland,1.86
VSA104C01,Total period of fertility rate,Total period of fertility rate,2016,2016,2016,-,All ages,All ages,IE0,Ireland,Ireland,1.81
VSA104C01,Total period of fertility rate,Total period of fertility rate,2017,2017,2017,-,All ages,All ages,IE0,Ireland,Ireland,1.77
VSA104C01,Total period of fertility rate,Total period of fertility rate,2018,2018,2018,-,All ages,All ages,IE0,Ireland,Ireland,1.75
VSA104C01,Total period of fertility rate,Total period of fertility rate,2019,2019,2019,-,All ages,All ages,IE0,Ireland,Ireland,1.71
VSA104C01,Total period of fertility rate,Total period of fertility rate,2020,2020,2020,-,All ages,All ages,IE0,Ireland,Ireland,1.65
VSA104C01,Total period of fertility rate,Total period of fertility rate,2021,2021,2021,-,All ages,All ages,B1A65D7C-1984-4A87-AD58-0E846812C992,Border,Border,1.94
VSA104C01,Total period of fertility rate,Total period of fertility rate,2021,2021,2021,-,All ages,All ages,F97E459B-57ED-49C0-8A28-2BC1C7F08E88,Dublin,Dublin,1.51
VSA104C01,Total period of fertility rate,Total period of fertility rate,2021,2021,2021,-,All ages,All ages,8E4862CC-7E43-4BF5-A4EF-B2D5ECBA61EF,Mid-East,Mid-East,1.91
VSA104C01,Total period of fertility rate,Total period of fertility rate,2021,2021,2021,-,All ages,All ages,B26C8BAA-F3C5-49A9-B74E-D7FED1823E65,Midland,Midland,1.94
VSA104C01,Total period of fertility rate,Total period of fertility rate,2021,2021,2021,-,All ages,All ages,42C5C2A5-2D71-4BD1-BDB5-BD7D3198CD78,Mid-West,Mid-West,1.89
VSA104C01,Total period of fertility rate,Total period of fertility rate,2021,2021,2021,-,All ages,All ages,27C93D4E-AD0E-4B0C-8FA8-3566AEEDA5CC,South-East,South-East,1.84
VSA104C01,Total period of fertility rate,Total period of fertility rate,2021,2021,2021,-,All ages,All ages,604546A1-A856-4B9B-AD46-E88B27C27155,South-West,South-West,1.74
VSA104C01,Total period of fertility rate,Total period of fertility rate,2021,2021,2021,-,All ages,All ages,A69CA800-8D87-4920-A7C1-50426A1D39B4,West,West,1.83
VSA104C01,Total period of fertility rate,Total period of fertility rate,2021,2021,2021,-,All ages,All ages,IE0,Ireland,Ireland,1.73
VSA104C01,Total period of fertility rate,Total period of fertility rate,2022,2022,2022,-,All ages,All ages,B1A65D7C-1984-4A87-AD58-0E846812C992,Border,Border,1.77
VSA104C01,Total period of fertility rate,Total period of fertility rate,2022,2022,2022,-,All ages,All ages,F97E459B-57ED-49C0-8A28-2BC1C7F08E88,Dublin,Dublin,1.33
VSA104C01,Total period of fertility rate,Total period of fertility rate,2022,2022,2022,-,All ages,All ages,8E4862CC-7E43-4BF5-A4EF-B2D5ECBA61EF,Mid-East,Mid-East,1.69
VSA104C01,Total period of fertility rate,Total period of fertility rate,2022,2022,2022,-,All ages,All ages,B26C8BAA-F3C5-49A9-B74E-D7FED1823E65,Midland,Midland,1.67
VSA104C01,Total period of fertility rate,Total period of fertility rate,2022,2022,2022,-,All ages,All ages,42C5C2A5-2D71-4BD1-BDB5-BD7D3198CD78,Mid-West,Mid-West,1.65
VSA104C01,Total period of fertility rate,Total period of fertility rate,2022,2022,2022,-,All ages,All ages,27C93D4E-AD0E-4B0C-8FA8-3566AEEDA5CC,South-East,South-East,1.71
VSA104C01,Total period of fertility rate,Total period of fertility rate,2022,2022,2022,-,All ages,All ages,604546A1-A856-4B9B-AD46-E88B27C27155,South-West,South-West,1.5
VSA104C01,Total period of fertility rate,Total period of fertility rate,2022,2022,2022,-,All ages,All ages,A69CA800-8D87-4920-A7C1-50426A1D39B4,West,West,1.62
VSA104C01,Total period of fertility rate,Total period of fertility rate,2022,2022,2022,-,All ages,All ages,IE0,Ireland,Ireland,1.53
VSA104C01,Total period of fertility rate,Total period of fertility rate,2023,2023,2023,-,All ages,All ages,B1A65D7C-1984-4A87-AD58-0E846812C992,Border,Border,1.81
VSA104C01,Total period of fertility rate,Total period of fertility rate,2023,2023,2023,-,All ages,All ages,F97E459B-57ED-49C0-8A28-2BC1C7F08E88,Dublin,Dublin,1.29
VSA104C01,Total period of fertility rate,Total period of fertility rate,2023,2023,2023,-,All ages,All ages,8E4862CC-7E43-4BF5-A4EF-B2D5ECBA61EF,Mid-East,Mid-East,1.8
VSA104C01,Total period of fertility rate,Total period of fertility rate,2023,2023,2023,-,All ages,All ages,B26C8BAA-F3C5-49A9-B74E-D7FED1823E65,Midland,Midland,1.69
VSA104C01,Total period of fertility rate,Total period of fertility rate,2023,2023,2023,-,All ages,All ages,42C5C2A5-2D71-4BD1-BDB5-BD7D3198CD78,Mid-West,Mid-West,1.6
VSA104C01,Total period of fertility rate,Total period of fertility rate,2023,2023,2023,-,All ages,All ages,27C93D4E-AD0E-4B0C-8FA8-3566AEEDA5CC,South-East,South-East,1.67
VSA104C01,Total period of fertility rate,Total period of fertility rate,2023,2023,2023,-,All ages,All ages,604546A1-A856-4B9B-AD46-E88B27C27155,South-West,South-West,1.46
VSA104C01,Total period of fertility rate,Total period of fertility rate,2023,2023,2023,-,All ages,All ages,A69CA800-8D87-4920-A7C1-50426A1D39B4,West,West,1.57
VSA104C01,Total period of fertility rate,Total period of fertility rate,2023,2023,2023,-,All ages,All ages,IE0,Ireland,Ireland,1.52
VSA104C02,Age specific fertility rates,Age specific fertility rates,1969,1969,1969,300,15 - 19 years,15 - 19 years,IE0,Ireland,Ireland,15.4
VSA104C02,Age specific fertility rates,Age specific fertility rates,1969,1969,1969,365,20 - 24 years,20 - 24 years,IE0,Ireland,Ireland,139.7
VSA104C02,Age specific fertility rates,Age specific fertility rates,1969,1969,1969,410,25 - 29 years,25 - 29 years,IE0,Ireland,Ireland,228.7
VSA104C02,Age specific fertility rates,Age specific fertility rates,1969,1969,1969,440,30 - 34 years,30 - 34 years,IE0,Ireland,Ireland,199.5
VSA104C02,Age specific fertility rates,Age specific fertility rates,1969,1969,1969,460,35 - 39 years,35 - 39 years,IE0,Ireland,Ireland,133.1
VSA104C02,Age specific fertility rates,Age specific fertility rates,1969,1969,1969,475,40 - 44 years,40 - 44 years,IE0,Ireland,Ireland,48.1
VSA104C02,Age specific fertility rates,Age specific fertility rates,1969,1969,1969,495,45 - 49 years,45 - 49 years,IE0,Ireland,Ireland,4.4
VSA104C02,Age specific fertility rates,Age specific fertility rates,1970,1970,1970,300,15 - 19 years,15 - 19 years,IE0,Ireland,Ireland,16.3
VSA104C02,Age specific fertility rates,Age specific fertility rates,1970,1970,1970,365,20 - 24 years,20 - 24 years,IE0,Ireland,Ireland,145.5
VSA104C02,Age specific fertility rates,Age specific fertility rates,1970,1970,1970,410,25 - 29 years,25 - 29 years,IE0,Ireland,Ireland,228.7
VSA104C02,Age specific fertility rates,Age specific fertility rates,1970,1970,1970,440,30 - 34 years,30 - 34 years,IE0,Ireland,Ireland,201.9
VSA104C02,Age specific fertility rates,Age specific fertility rates,1970,1970,1970,460,35 - 39 years,35 - 39 years,IE0,Ireland,Ireland,131.9
VSA104C02,Age specific fertility rates,Age specific fertility rates,1970,1970,1970,475,40 - 44 years,40 - 44 years,IE0,Ireland,Ireland,45.3
VSA104C02,Age specific fertility rates,Age specific fertility rates,1970,1970,1970,495,45 - 49 years,45 - 49 years,IE0,Ireland,Ireland,3.7
VSA104C02,Age specific fertility rates,Age specific fertility rates,1971,1971,1971,300,15 - 19 years,15 - 19 years,IE0,Ireland,Ireland,19.1
VSA104C02,Age specific fertility rates,Age specific fertility rates,1971,1971,1971,365,20 - 24 years,20 - 24 years,IE0,Ireland,Ireland,150.3
VSA104C02,Age specific fertility rates,Age specific fertility rates,1971,1971,1971,410,25 - 29 years,25 - 29 years,IE0,Ireland,Ireland,243.5
VSA104C02,Age specific fertility rates,Age specific fertility rates,1971,1971,1971,440,30 - 34 years,30 - 34 years,IE0,Ireland,Ireland,200.5
VSA104C02,Age specific fertility rates,Age specific fertility rates,1971,1971,1971,460,35 - 39 years,35 - 39 years,IE0,Ireland,Ireland,131.7
VSA104C02,Age specific fertility rates,Age specific fertility rates,1971,1971,1971,475,40 - 44 years,40 - 44 years,IE0,Ireland,Ireland,46.6
VSA104C02,Age specific fertility rates,Age specific fertility rates,1971,1971,1971,495,45 - 49 years,45 - 49 years,IE0,Ireland,Ireland,3.3
VSA104C02,Age specific fertility rates,Age specific fertility rates,1972,1972,1972,300,15 - 19 years,15 - 19 years,IE0,Ireland,Ireland,21.3
VSA104C02,Age specific fertility rates,Age specific fertility rates,1972,1972,1972,365,20 - 24 years,20 - 24 years,IE0,Ireland,Ireland,152.1
VSA104C02,Age specific fertility rates,Age specific fertility rates,1972,1972,1972,410,25 - 29 years,25 - 29 years,IE0,Ireland,Ireland,241.5
VSA104C02,Age specific fertility rates,Age specific fertility rates,1972,1972,1972,440,30 - 34 years,30 - 34 years,IE0,Ireland,Ireland,187.6
VSA104C02,Age specific fertility rates,Age specific fertility rates,1972,1972,1972,460,35 - 39 years,35 - 39 years,IE0,Ireland,Ireland,125.7
VSA104C02,Age specific fertility rates,Age specific fertility rates,1972,1972,1972,475,40 - 44 years,40 - 44 years,IE0,Ireland,Ireland,43.4
VSA104C02,Age specific fertility rates,Age specific fertility rates,1972,1972,1972,495,45 - 49 years,45 - 49 years,IE0,Ireland,Ireland,3.4
VSA104C02,Age specific fertility rates,Age specific fertility rates,1973,1973,1973,300,15 - 19 years,15 - 19 years,IE0,Ireland,Ireland,22.4
VSA104C02,Age specific fertility rates,Age specific fertility rates,1973,1973,1973,365,20 - 24 years,20 - 24 years,IE0,Ireland,Ireland,149.9
VSA104C02,Age specific fertility rates,Age specific fertility rates,1973,1973,1973,410,25 - 29 years,25 - 29 years,IE0,Ireland,Ireland,235.0
VSA104C02,Age specific fertility rates,Age specific fertility rates,1973,1973,1973,440,30 - 34 years,30 - 34 years,IE0,Ireland,Ireland,181.2
VSA104C02,Age specific fertility rates,Age specific fertility rates,1973,1973,1973,460,35 - 39 years,35 - 39 years,IE0,Ireland,Ireland,115.6
VSA104C02,Age specific fertility rates,Age specific fertility rates,1973,1973,1973,475,40 - 44 years,40 - 44 years,IE0,Ireland,Ireland,41.3
VSA104C02,Age specific fertility rates,Age specific fertility rates,1973,1973,1973,495,45 - 49 years,45 - 49 years,IE0,Ireland,Ireland,2.7
VSA104C02,Age specific fertility rates,Age specific fertility rates,1974,1974,1974,300,15 - 19 years,15 - 19 years,IE0,Ireland,Ireland,22.6
VSA104C02,Age specific fertility rates,Age specific fertility rates,1974,1974,1974,365,20 - 24 years,20 - 24 years,IE0,Ireland,Ireland,145.4
VSA104C02,Age specific fertility rates,Age specific fertility rates,1974,1974,1974,410,25 - 29 years,25 - 29 years,IE0,Ireland,Ireland,229.5
VSA104C02,Age specific fertility rates,Age specific fertility rates,1974,1974,1974,440,30 - 34 years,30 - 34 years,IE0,Ireland,Ireland,171.9
VSA104C02,Age specific fertility rates,Age specific fertility rates,1974,1974,1974,460,35 - 39 years,35 - 39 years,IE0,Ireland,Ireland,111.2
VSA104C02,Age specific fertility rates,Age specific fertility rates,1974,1974,1974,475,40 - 44 years,40 - 44 years,IE0,Ireland,Ireland,39.9
VSA104C02,Age specific fertility rates,Age specific fertility rates,1974,1974,1974,495,45 - 49 years,45 - 49 years,IE0,Ireland,Ireland,2.8
VSA104C02,Age specific fertility rates,Age specific fertility rates,1975,1975,1975,300,15 - 19 years,15 - 19 years,IE0,Ireland,Ireland,22.8
VSA104C02,Age specific fertility rates,Age specific fertility rates,1975,1975,1975,365,20 - 24 years,20 - 24 years,IE0,Ireland,Ireland,138.5
VSA104C02,Age specific fertility rates,Age specific fertility rates,1975,1975,1975,410,25 - 29 years,25 - 29 years,IE0,Ireland,Ireland,216.0
VSA104C02,Age specific fertility rates,Age specific fertility rates,1975,1975,1975,440,30 - 34 years,30 - 34 years,IE0,Ireland,Ireland,162.2
VSA104C02,Age specific fertility rates,Age specific fertility rates,1975,1975,1975,460,35 - 39 years,35 - 39 years,IE0,Ireland,Ireland,100.2
VSA104C02,Age specific fertility rates,Age specific fertility rates,1975,1975,1975,475,40 - 44 years,40 - 44 years,IE0,Ireland,Ireland,36.8
VSA104C02,Age specific fertility rates,Age specific fertility rates,1975,1975,1975,495,45 - 49 years,45 - 49 years,IE0,Ireland,Ireland,2.6
VSA104C02,Age specific fertility rates,Age specific fertility rates,1976,1976,1976,300,15 - 19 years,15 - 19 years,IE0,Ireland,Ireland,21.9
VSA104C02,Age specific fertility rates,Age specific fertility rates,1976,1976,1976,365,20 - 24 years,20 - 24 years,IE0,Ireland,Ireland,133.7
VSA104C02,Age specific fertility rates,Age specific fertility rates,1976,1976,1976,410,25 - 29 years,25 - 29 years,IE0,Ireland,Ireland,211.7
VSA104C02,Age specific fertility rates,Age specific fertility rates,1976,1976,1976,440,30 - 34 years,30 - 34 years,IE0,Ireland,Ireland,162.2
VSA104C02,Age specific fertility rates,Age specific fertility rates,1976,1976,1976,460,35 - 39 years,35 - 39 years,IE0,Ireland,Ireland,94.9
VSA104C02,Age specific fertility rates,Age specific fertility rates,1976,1976,1976,475,40 - 44 years,40 - 44 years,IE0,Ireland,Ireland,34.8
VSA104C02,Age specific fertility rates,Age specific fertility rates,1976,1976,1976,495,45 - 49 years,45 - 49 years,IE0,Ireland,Ireland,3.1
VSA104C02,Age specific fertility rates,Age specific fertility rates,1977,1977,1977,300,15 - 19 years,15 - 19 years,IE0,Ireland,Ireland,21.2
VSA104C02,Age specific fertility rates,Age specific fertility rates,1977,1977,1977,365,20 - 24 years,20 - 24 years,IE0,Ireland,Ireland,130.4
VSA104C02,Age specific fertility rates,Age specific fertility rates,1977,1977,1977,410,25 - 29 years,25 - 29 years,IE0,Ireland,Ireland,205.5
VSA104C02,Age specific fertility rates,Age specific fertility rates,1977,1977,1977,440,30 - 34 years,30 - 34 years,IE0,Ireland,Ireland,166.7
VSA104C02,Age specific fertility rates,Age specific fertility rates,1977,1977,1977,460,35 - 39 years,35 - 39 years,IE0,Ireland,Ireland,93.9
VSA104C02,Age specific fertility rates,Age specific fertility rates,1977,1977,1977,475,40 - 44 years,40 - 44 years,IE0,Ireland,Ireland,33.2
VSA104C02,Age specific fertility rates,Age specific fertility rates,1977,1977,1977,495,45 - 49 years,45 - 49 years,IE0,Ireland,Ireland,3.0
VSA104C02,Age specific fertility rates,Age specific fertility rates,1978,1978,1978,300,15 - 19 years,15 - 19 years,IE0,Ireland,Ireland,21.8
VSA104C02,Age specific fertility rates,Age specific fertility rates,1978,1978,1978,365,20 - 24 years,20 - 24 years,IE0,Ireland,Ireland,126.2
VSA104C02,Age specific fertility rates,Age specific fertility rates,1978,1978,1978,410,25 - 29 years,25 - 29 years,IE0,Ireland,Ireland,201.7
VSA104C02,Age specific fertility rates,Age specific fertility rates,1978,1978,1978,440,30 - 34 years,30 - 34 years,IE0,Ireland,Ireland,167.8
VSA104C02,Age specific fertility rates,Age specific fertility rates,1978,1978,1978,460,35 - 39 years,35 - 39 years,IE0,Ireland,Ireland,96.5
VSA104C02,Age specific fertility rates,Age specific fertility rates,1978,1978,1978,475,40 - 44 years,40 - 44 years,IE0,Ireland,Ireland,31.1
VSA104C02,Age specific fertility rates,Age specific fertility rates,1978,1978,1978,495,45 - 49 years,45 - 49 years,IE0,Ireland,Ireland,2.8
VSA104C02,Age specific fertility rates,Age specific fertility rates,1979,1979,1979,300,15 - 19 years,15 - 19 years,IE0,Ireland,Ireland,22.7
VSA104C02,Age specific fertility rates,Age specific fertility rates,1979,1979,1979,365,20 - 24 years,20 - 24 years,IE0,Ireland,Ireland,125.9
VSA104C02,Age specific fertility rates,Age specific fertility rates,1979,1979,1979,410,25 - 29 years,25 - 29 years,IE0,Ireland,Ireland,202.5
VSA104C02,Age specific fertility rates,Age specific fertility rates,1979,1979,1979,440,30 - 34 years,30 - 34 years,IE0,Ireland,Ireland,168.4
VSA104C02,Age specific fertility rates,Age specific fertility rates,1979,1979,1979,460,35 - 39 years,35 - 39 years,IE0,Ireland,Ireland,94.1
VSA104C02,Age specific fertility rates,Age specific fertility rates,1979,1979,1979,475,40 - 44 years,40 - 44 years,IE0,Ireland,Ireland,29.9
VSA104C02,Age specific fertility rates,Age specific fertility rates,1979,1979,1979,495,45 - 49 years,45 - 49 years,IE0,Ireland,Ireland,2.3
VSA104C02,Age specific fertility rates,Age specific fertility rates,1980,1980,1980,300,15 - 19 years,15 - 19 years,IE0,Ireland,Ireland,23.0
VSA104C02,Age specific fertility rates,Age specific fertility rates,1980,1980,1980,365,20 - 24 years,20 - 24 years,IE0,Ireland,Ireland,125.3
VSA104C02,Age specific fertility rates,Age specific fertility rates,1980,1980,1980,410,25 - 29 years,25 - 29 years,IE0,Ireland,Ireland,202.3
VSA104C02,Age specific fertility rates,Age specific fertility rates,1980,1980,1980,440,30 - 34 years,30 - 34 years,IE0,Ireland,Ireland,165.7
VSA104C02,Age specific fertility rates,Age specific fertility rates,1980,1980,1980,460,35 - 39 years,35 - 39 years,IE0,Ireland,Ireland,97.3
VSA104C02,Age specific fertility rates,Age specific fertility rates,1980,1980,1980,475,40 - 44 years,40 - 44 years,IE0,Ireland,Ireland,29.6
VSA104C02,Age specific fertility rates,Age specific fertility rates,1980,1980,1980,495,45 - 49 years,45 - 49 years,IE0,Ireland,Ireland,2.3
VSA104C02,Age specific fertility rates,Age specific fertility rates,1981,1981,1981,300,15 - 19 years,15 - 19 years,IE0,Ireland,Ireland,22.2
VSA104C02,Age specific fertility rates,Age specific fertility rates,1981,1981,1981,365,20 - 24 years,20 - 24 years,IE0,Ireland,Ireland,117.4
VSA104C02,Age specific fertility rates,Age specific fertility rates,1981,1981,1981,410,25 - 29 years,25 - 29 years,IE0,Ireland,Ireland,190.3
VSA104C02,Age specific fertility rates,Age specific fertility rates,1981,1981,1981,440,30 - 34 years,30 - 34 years,IE0,Ireland,Ireland,161.5
VSA104C02,Age specific fertility rates,Age specific fertility rates,1981,1981,1981,460,35 - 39 years,35 - 39 years,IE0,Ireland,Ireland,93.6
VSA104C02,Age specific fertility rates,Age specific fertility rates,1981,1981,1981,475,40 - 44 years,40 - 44 years,IE0,Ireland,Ireland,26.5
VSA104C02,Age specific fertility rates,Age specific fertility rates,1981,1981,1981,495,45 - 49 years,45 - 49 years,IE0,Ireland,Ireland,2.4
VSA104C02,Age specific fertility rates,Age specific fertility rates,1982,1982,1982,300,15 - 19 years,15 - 19 years,IE0,Ireland,Ireland,20.7
VSA104C02,Age specific fertility rates,Age specific fertility rates,1982,1982,1982,365,20 - 24 years,20 - 24 years,IE0,Ireland,Ireland,110.2
VSA104C02,Age specific fertility rates,Age specific fertility rates,1982,1982,1982,410,25 - 29 years,25 - 29 years,IE0,Ireland,Ireland,185.0
VSA104C02,Age specific fertility rates,Age specific fertility rates,1982,1982,1982,440,30 - 34 years,30 - 34 years,IE0,Ireland,Ireland,156.9
VSA104C02,Age specific fertility rates,Age specific fertility rates,1982,1982,1982,460,35 - 39 years,35 - 39 years,IE0,Ireland,Ireland,91.6
VSA104C02,Age specific fertility rates,Age specific fertility rates,1982,1982,1982,475,40 - 44 years,40 - 44 years,IE0,Ireland,Ireland,24.9
VSA104C02,Age specific fertility rates,Age specific fertility rates,1982,1982,1982,495,45 - 49 years,45 - 49 years,IE0,Ireland,Ireland,2.2
VSA104C02,Age specific fertility rates,Age specific fertility rates,1983,1983,1983,300,15 - 19 years,15 - 19 years,IE0,Ireland,Ireland,18.7
VSA104C02,Age specific fertility rates,Age specific fertility rates,1983,1983,1983,365,20 - 24 years,20 - 24 years,IE0,Ireland,Ireland,102.6
VSA104C02,Age specific fertility rates,Age specific fertility rates,1983,1983,1983,410,25 - 29 years,25 - 29 years,IE0,Ireland,Ireland,172.3
VSA104C02,Age specific fertility rates,Age specific fertility rates,1983,1983,1983,440,30 - 34 years,30 - 34 years,IE0,Ireland,Ireland,146.9
VSA104C02,Age specific fertility rates,Age specific fertility rates,1983,1983,1983,460,35 - 39 years,35 - 39 years,IE0,Ireland,Ireland,84.6
VSA104C02,Age specific fertility rates,Age specific fertility rates,1983,1983,1983,475,40 - 44 years,40 - 44 years,IE0,Ireland,Ireland,25.0
VSA104C02,Age specific fertility rates,Age specific fertility rates,1983,1983,1983,495,45 - 49 years,45 - 49 years,IE0,Ireland,Ireland,1.7
VSA104C02,Age specific fertility rates,Age specific fertility rates,1984,1984,1984,300,15 - 19 years,15 - 19 years,IE0,Ireland,Ireland,18.0
VSA104C02,Age specific fertility rates,Age specific fertility rates,1984,1984,1984,365,20 - 24 years,20 - 24 years,IE0,Ireland,Ireland,95.4
VSA104C02,Age specific fertility rates,Age specific fertility rates,1984,1984,1984,410,25 - 29 years,25 - 29 years,IE0,Ireland,Ireland,163.3
VSA104C02,Age specific fertility rates,Age specific fertility rates,1984,1984,1984,440,30 - 34 years,30 - 34 years,IE0,Ireland,Ireland,138.4
VSA104C02,Age specific fertility rates,Age specific fertility rates,1984,1984,1984,460,35 - 39 years,35 - 39 years,IE0,Ireland,Ireland,78.9
VSA104C02,Age specific fertility rates,Age specific fertility rates,1984,1984,1984,475,40 - 44 years,40 - 44 years,IE0,Ireland,Ireland,21.8
VSA104C02,Age specific fertility rates,Age specific fertility rates,1984,1984,1984,495,45 - 49 years,45 - 49 years,IE0,Ireland,Ireland,1.9
VSA104C02,Age specific fertility rates,Age specific fertility rates,1985,1985,1985,300,15 - 19 years,15 - 19 years,IE0,Ireland,Ireland,16.6
VSA104C02,Age specific fertility rates,Age specific fertility rates,1985,1985,1985,365,20 - 24 years,20 - 24 years,IE0,Ireland,Ireland,87.2
VSA104C02,Age specific fertility rates,Age specific fertility rates,1985,1985,1985,410,25 - 29 years,25 - 29 years,IE0,Ireland,Ireland,158.6
VSA104C02,Age specific fertility rates,Age specific fertility rates,1985,1985,1985,440,30 - 34 years,30 - 34 years,IE0,Ireland,Ireland,138.4
VSA104C02,Age specific fertility rates,Age specific fertility rates,1985,1985,1985,460,35 - 39 years,35 - 39 years,IE0,Ireland,Ireland,75.3
VSA104C02,Age specific fertility rates,Age specific fertility rates,1985,1985,1985,475,40 - 44 years,40 - 44 years,IE0,Ireland,Ireland,21.6
VSA104C02,Age specific fertility rates,Age specific fertility rates,1985,1985,1985,495,45 - 49 years,45 - 49 years,IE0,Ireland,Ireland,1.5
VSA104C02,Age specific fertility rates,Age specific fertility rates,1986,1986,1986,300,15 - 19 years,15 - 19 years,IE0,Ireland,Ireland,16.4
VSA104C02,Age specific fertility rates,Age specific fertility rates,1986,1986,1986,365,20 - 24 years,20 - 24 years,IE0,Ireland,Ireland,83.1
VSA104C02,Age specific fertility rates,Age specific fertility rates,1986,1986,1986,410,25 - 29 years,25 - 29 years,IE0,Ireland,Ireland,154.3
VSA104C02,Age specific fertility rates,Age specific fertility rates,1986,1986,1986,440,30 - 34 years,30 - 34 years,IE0,Ireland,Ireland,139.0
VSA104C02,Age specific fertility rates,Age specific fertility rates,1986,1986,1986,460,35 - 39 years,35 - 39 years,IE0,Ireland,Ireland,73.4
VSA104C02,Age specific fertility rates,Age specific fertility rates,1986,1986,1986,475,40 - 44 years,40 - 44 years,IE0,Ireland,Ireland,21.2
VSA104C02,Age specific fertility rates,Age specific fertility rates,1986,1986,1986,495,45 - 49 years,45 - 49 years,IE0,Ireland,Ireland,1.5
VSA104C02,Age specific fertility rates,Age specific fertility rates,1987,1987,1987,300,15 - 19 years,15 - 19 years,IE0,Ireland,Ireland,16.1
VSA104C02,Age specific fertility rates,Age specific fertility rates,1987,1987,1987,365,20 - 24 years,20 - 24 years,IE0,Ireland,Ireland,75.4
VSA104C02,Age specific fertility rates,Age specific fertility rates,1987,1987,1987,410,25 - 29 years,25 - 29 years,IE0,Ireland,Ireland,147.9
VSA104C02,Age specific fertility rates,Age specific fertility rates,1987,1987,1987,440,30 - 34 years,30 - 34 years,IE0,Ireland,Ireland,132.3
VSA104C02,Age specific fertility rates,Age specific fertility rates,1987,1987,1987,460,35 - 39 years,35 - 39 years,IE0,Ireland,Ireland,68.6
VSA104C02,Age specific fertility rates,Age specific fertility rates,1987,1987,1987,475,40 - 44 years,40 - 44 years,IE0,Ireland,Ireland,19.8
VSA104C02,Age specific fertility rates,Age specific fertility rates,1987,1987,1987,495,45 - 49 years,45 - 49 years,IE0,Ireland,Ireland,1.3
VSA104C02,Age specific fertility rates,Age specific fertility rates,1988,1988,1988,300,15 - 19 years,15 - 19 years,IE0,Ireland,Ireland,15.3
VSA104C02,Age specific fertility rates,Age specific fertility rates,1988,1988,1988,365,20 - 24 years,20 - 24 years,IE0,Ireland,Ireland,69.6
VSA104C02,Age specific fertility rates,Age specific fertility rates,1988,1988,1988,410,25 - 29 years,25 - 29 years,IE0,Ireland,Ireland,141.0
VSA104C02,Age specific fertility rates,Age specific fertility rates,1988,1988,1988,440,30 - 34 years,30 - 34 years,IE0,Ireland,Ireland,125.5
VSA104C02,Age specific fertility rates,Age specific fertility rates,1988,1988,1988,460,35 - 39 years,35 - 39 years,IE0,Ireland,Ireland,63.2
VSA104C02,Age specific fertility rates,Age specific fertility rates,1988,1988,1988,475,40 - 44 years,40 - 44 years,IE0,Ireland,Ireland,17.8
VSA104C02,Age specific fertility rates,Age specific fertility rates,1988,1988,1988,495,45 - 49 years,45 - 49 years,IE0,Ireland,Ireland,1.1
VSA104C02,Age specific fertility rates,Age specific fertility rates,1989,1989,1989,300,15 - 19 years,15 - 19 years,IE0,Ireland,Ireland,14.8
VSA104C02,Age specific fertility rates,Age specific fertility rates,1989,1989,1989,365,20 - 24 years,20 - 24 years,IE0,Ireland,Ireland,64.0
VSA104C02,Age specific fertility rates,Age specific fertility rates,1989,1989,1989,410,25 - 29 years,25 - 29 years,IE0,Ireland,Ireland,134.4
VSA104C02,Age specific fertility rates,Age specific fertility rates,1989,1989,1989,440,30 - 34 years,30 - 34 years,IE0,Ireland,Ireland,122.0
VSA104C02,Age specific fertility rates,Age specific fertility rates,1989,1989,1989,460,35 - 39 years,35 - 39 years,IE0,Ireland,Ireland,62.4
VSA104C02,Age specific fertility rates,Age specific fertility rates,1989,1989,1989,475,40 - 44 years,40 - 44 years,IE0,Ireland,Ireland,17.0
VSA104C02,Age specific fertility rates,Age specific fertility rates,1989,1989,1989,495,45 - 49 years,45 - 49 years,IE0,Ireland,Ireland,1.1
VSA104C02,Age specific fertility rates,Age specific fertility rates,1990,1990,1990,300,15 - 19 years,15 - 19 years,IE0,Ireland,Ireland,16.7
VSA104C02,Age specific fertility rates,Age specific fertility rates,1990,1990,1990,365,20 - 24 years,20 - 24 years,IE0,Ireland,Ireland,63.3
VSA104C02,Age specific fertility rates,Age specific fertility rates,1990,1990,1990,410,25 - 29 years,25 - 29 years,IE0,Ireland,Ireland,137.6
VSA104C02,Age specific fertility rates,Age specific fertility rates,1990,1990,1990,440,30 - 34 years,30 - 34 years,IE0,Ireland,Ireland,126.2
VSA104C02,Age specific fertility rates,Age specific fertility rates,1990,1990,1990,460,35 - 39 years,35 - 39 years,IE0,Ireland,Ireland,63.1
VSA104C02,Age specific fertility rates,Age specific fertility rates,1990,1990,1990,475,40 - 44 years,40 - 44 years,IE0,Ireland,Ireland,15.4
VSA104C02,Age specific fertility rates,Age specific fertility rates,1990,1990,1990,495,45 - 49 years,45 - 49 years,IE0,Ireland,Ireland,1.1
VSA104C02,Age specific fertility rates,Age specific fertility rates,1991,1991,1991,300,15 - 19 years,15 - 19 years,IE0,Ireland,Ireland,17.1
VSA104C02,Age specific fertility rates,Age specific fertility rates,1991,1991,1991,365,20 - 24 years,20 - 24 years,IE0,Ireland,Ireland,64.0
VSA104C02,Age specific fertility rates,Age specific fertility rates,1991,1991,1991,410,25 - 29 years,25 - 29 years,IE0,Ireland,Ireland,131.8
VSA104C02,Age specific fertility rates,Age specific fertility rates,1991,1991,1991,440,30 - 34 years,30 - 34 years,IE0,Ireland,Ireland,124.4
VSA104C02,Age specific fertility rates,Age specific fertility rates,1991,1991,1991,460,35 - 39 years,35 - 39 years,IE0,Ireland,Ireland,63.4
VSA104C02,Age specific fertility rates,Age specific fertility rates,1991,1991,1991,475,40 - 44 years,40 - 44 years,IE0,Ireland,Ireland,15.2
VSA104C02,Age specific fertility rates,Age specific fertility rates,1991,1991,1991,495,45 - 49 years,45 - 49 years,IE0,Ireland,Ireland,1.0
VSA104C02,Age specific fertility rates,Age specific fertility rates,1992,1992,1992,300,15 - 19 years,15 - 19 years,IE0,Ireland,Ireland,16.9
VSA104C02,Age specific fertility rates,Age specific fertility rates,1992,1992,1992,365,20 - 24 years,20 - 24 years,IE0,Ireland,Ireland,58.9
VSA104C02,Age specific fertility rates,Age specific fertility rates,1992,1992,1992,410,25 - 29 years,25 - 29 years,IE0,Ireland,Ireland,123.9
VSA104C02,Age specific fertility rates,Age specific fertility rates,1992,1992,1992,440,30 - 34 years,30 - 34 years,IE0,Ireland,Ireland,122.3
VSA104C02,Age specific fertility rates,Age specific fertility rates,1992,1992,1992,460,35 - 39 years,35 - 39 years,IE0,Ireland,Ireland,61.3
VSA104C02,Age specific fertility rates,Age specific fertility rates,1992,1992,1992,475,40 - 44 years,40 - 44 years,IE0,Ireland,Ireland,14.4
VSA104C02,Age specific fertility rates,Age specific fertility rates,1992,1992,1992,495,45 - 49 years,45 - 49 years,IE0,Ireland,Ireland,0.8
VSA104C02,Age specific fertility rates,Age specific fertility rates,1993,1993,1993,300,15 - 19 years,15 - 19 years,IE0,Ireland,Ireland,16.3
VSA104C02,Age specific fertility rates,Age specific fertility rates,1993,1993,1993,365,20 - 24 years,20 - 24 years,IE0,Ireland,Ireland,53.8
VSA104C02,Age specific fertility rates,Age specific fertility rates,1993,1993,1993,410,25 - 29 years,25 - 29 years,IE0,Ireland,Ireland,116.5
VSA104C02,Age specific fertility rates,Age specific fertility rates,1993,1993,1993,440,30 - 34 years,30 - 34 years,IE0,Ireland,Ireland,121.2
VSA104C02,Age specific fertility rates,Age specific fertility rates,1993,1993,1993,460,35 - 39 years,35 - 39 years,IE0,Ireland,Ireland,58.5
VSA104C02,Age specific fertility rates,Age specific fertility rates,1993,1993,1993,475,40 - 44 years,40 - 44 years,IE0,Ireland,Ireland,14.1
VSA104C02,Age specific fertility rates,Age specific fertility rates,1993,1993,1993,495,45 - 49 years,45 - 49 years,IE0,Ireland,Ireland,0.9
VSA104C02,Age specific fertility rates,Age specific fertility rates,1994,1994,1994,300,15 - 19 years,15 - 19 years,IE0,Ireland,Ireland,15.0
VSA104C02,Age specific fertility rates,Age specific fertility rates,1994,1994,1994,365,20 - 24 years,20 - 24 years,IE0,Ireland,Ireland,50.7
VSA104C02,Age specific fertility rates,Age specific fertility rates,1994,1994,1994,410,25 - 29 years,25 - 29 years,IE0,Ireland,Ireland,112.5
VSA104C02,Age specific fertility rates,Age specific fertility rates,1994,1994,1994,440,30 - 34 years,30 - 34 years,IE0,Ireland,Ireland,119.8
VSA104C02,Age specific fertility rates,Age specific fertility rates,1994,1994,1994,460,35 - 39 years,35 - 39 years,IE0,Ireland,Ireland,58.6
VSA104C02,Age specific fertility rates,Age specific fertility rates,1994,1994,1994,475,40 - 44 years,40 - 44 years,IE0,Ireland,Ireland,12.8
VSA104C02,Age specific fertility rates,Age specific fertility rates,1994,1994,1994,495,45 - 49 years,45 - 49 years,IE0,Ireland,Ireland,0.7
VSA104C02,Age specific fertility rates,Age specific fertility rates,1995,1995,1995,300,15 - 19 years,15 - 19 years,IE0,Ireland,Ireland,15.1
VSA104C02,Age specific fertility rates,Age specific fertility rates,1995,1995,1995,365,20 - 24 years,20 - 24 years,IE0,Ireland,Ireland,50.3
VSA104C02,Age specific fertility rates,Age specific fertility rates,1995,1995,1995,410,25 - 29 years,25 - 29 years,IE0,Ireland,Ireland,106.7
VSA104C02,Age specific fertility rates,Age specific fertility rates,1995,1995,1995,440,30 - 34 years,30 - 34 years,IE0,Ireland,Ireland,123.5
VSA104C02,Age specific fertility rates,Age specific fertility rates,1995,1995,1995,460,35 - 39 years,35 - 39 years,IE0,Ireland,Ireland,60.3
VSA104C02,Age specific fertility rates,Age specific fertility rates,1995,1995,1995,475,40 - 44 years,40 - 44 years,IE0,Ireland,Ireland,13.1
VSA104C02,Age specific fertility rates,Age specific fertility rates,1995,1995,1995,495,45 - 49 years,45 - 49 years,IE0,Ireland,Ireland,0.8
VSA104C02,Age specific fertility rates,Age specific fertility rates,1996,1996,1996,300,15 - 19 years,15 - 19 years,IE0,Ireland,Ireland,16.7
VSA104C02,Age specific fertility rates,Age specific fertility rates,1996,1996,1996,365,20 - 24 years,20 - 24 years,IE0,Ireland,Ireland,52.2
VSA104C02,Age specific fertility rates,Age specific fertility rates,1996,1996,1996,410,25 - 29 years,25 - 29 years,IE0,Ireland,Ireland,105.3
VSA104C02,Age specific fertility rates,Age specific fertility rates,1996,1996,1996,440,30 - 34 years,30 - 34 years,IE0,Ireland,Ireland,127.1
VSA104C02,Age specific fertility rates,Age specific fertility rates,1996,1996,1996,460,35 - 39 years,35 - 39 years,IE0,Ireland,Ireland,63.9
VSA104C02,Age specific fertility rates,Age specific fertility rates,1996,1996,1996,475,40 - 44 years,40 - 44 years,IE0,Ireland,Ireland,11.8
VSA104C02,Age specific fertility rates,Age specific fertility rates,1996,1996,1996,495,45 - 49 years,45 - 49 years,IE0,Ireland,Ireland,0.6
VSA104C02,Age specific fertility rates,Age specific fertility rates,1997,1997,1997,300,15 - 19 years,15 - 19 years,IE0,Ireland,Ireland,17.5
VSA104C02,Age specific fertility rates,Age specific fertility rates,1997,1997,1997,365,20 - 24 years,20 - 24 years,IE0,Ireland,Ireland,50.9
VSA104C02,Age specific fertility rates,Age specific fertility rates,1997,1997,1997,410,25 - 29 years,25 - 29 years,IE0,Ireland,Ireland,106.4
VSA104C02,Age specific fertility rates,Age specific fertility rates,1997,1997,1997,440,30 - 34 years,30 - 34 years,IE0,Ireland,Ireland,131.5
VSA104C02,Age specific fertility rates,Age specific fertility rates,1997,1997,1997,460,35 - 39 years,35 - 39 years,IE0,Ireland,Ireland,66.6
VSA104C02,Age specific fertility rates,Age specific fertility rates,1997,1997,1997,475,40 - 44 years,40 - 44 years,IE0,Ireland,Ireland,13.4
VSA104C02,Age specific fertility rates,Age specific fertility rates,1997,1997,1997,495,45 - 49 years,45 - 49 years,IE0,Ireland,Ireland,0.8
VSA104C02,Age specific fertility rates,Age specific fertility rates,1998,1998,1998,300,15 - 19 years,15 - 19 years,IE0,Ireland,Ireland,19.2
VSA104C02,Age specific fertility rates,Age specific fertility rates,1998,1998,1998,365,20 - 24 years,20 - 24 years,IE0,Ireland,Ireland,52.5
VSA104C02,Age specific fertility rates,Age specific fertility rates,1998,1998,1998,410,25 - 29 years,25 - 29 years,IE0,Ireland,Ireland,103.1
VSA104C02,Age specific fertility rates,Age specific fertility rates,1998,1998,1998,440,30 - 34 years,30 - 34 years,IE0,Ireland,Ireland,131.5
VSA104C02,Age specific fertility rates,Age specific fertility rates,1998,1998,1998,460,35 - 39 years,35 - 39 years,IE0,Ireland,Ireland,69.3
VSA104C02,Age specific fertility rates,Age specific fertility rates,1998,1998,1998,475,40 - 44 years,40 - 44 years,IE0,Ireland,Ireland,13.4
VSA104C02,Age specific fertility rates,Age specific fertility rates,1998,1998,1998,495,45 - 49 years,45 - 49 years,IE0,Ireland,Ireland,0.6
VSA104C02,Age specific fertility rates,Age specific fertility rates,1999,1999,1999,300,15 - 19 years,15 - 19 years,IE0,Ireland,Ireland,20.2
VSA104C02,Age specific fertility rates,Age specific fertility rates,1999,1999,1999,365,20 - 24 years,20 - 24 years,IE0,Ireland,Ireland,51.0
VSA104C02,Age specific fertility rates,Age specific fertility rates,1999,1999,1999,410,25 - 29 years,25 - 29 years,IE0,Ireland,Ireland,99.4
VSA104C02,Age specific fertility rates,Age specific fertility rates,1999,1999,1999,440,30 - 34 years,30 - 34 years,IE0,Ireland,Ireland,129.5
VSA104C02,Age specific fertility rates,Age specific fertility rates,1999,1999,1999,460,35 - 39 years,35 - 39 years,IE0,Ireland,Ireland,68.5
VSA104C02,Age specific fertility rates,Age specific fertility rates,1999,1999,1999,475,40 - 44 years,40 - 44 years,IE0,Ireland,Ireland,12.9
VSA104C02,Age specific fertility rates,Age specific fertility rates,1999,1999,1999,495,45 - 49 years,45 - 49 years,IE0,Ireland,Ireland,0.6
VSA104C02,Age specific fertility rates,Age specific fertility rates,2000,2000,2000,300,15 - 19 years,15 - 19 years,IE0,Ireland,Ireland,19.5
VSA104C02,Age specific fertility rates,Age specific fertility rates,2000,2000,2000,365,20 - 24 years,20 - 24 years,IE0,Ireland,Ireland,51.6
VSA104C02,Age specific fertility rates,Age specific fertility rates,2000,2000,2000,410,25 - 29 years,25 - 29 years,IE0,Ireland,Ireland,95.1
VSA104C02,Age specific fertility rates,Age specific fertility rates,2000,2000,2000,440,30 - 34 years,30 - 34 years,IE0,Ireland,Ireland,129.3
VSA104C02,Age specific fertility rates,Age specific fertility rates,2000,2000,2000,460,35 - 39 years,35 - 39 years,IE0,Ireland,Ireland,71.3
VSA104C02,Age specific fertility rates,Age specific fertility rates,2000,2000,2000,475,40 - 44 years,40 - 44 years,IE0,Ireland,Ireland,13.6
VSA104C02,Age specific fertility rates,Age specific fertility rates,2000,2000,2000,495,45 - 49 years,45 - 49 years,IE0,Ireland,Ireland,0.5
VSA104C02,Age specific fertility rates,Age specific fertility rates,2001,2001,2001,300,15 - 19 years,15 - 19 years,IE0,Ireland,Ireland,19.9
VSA104C02,Age specific fertility rates,Age specific fertility rates,2001,2001,2001,365,20 - 24 years,20 - 24 years,IE0,Ireland,Ireland,53.3
VSA104C02,Age specific fertility rates,Age specific fertility rates,2001,2001,2001,410,25 - 29 years,25 - 29 years,IE0,Ireland,Ireland,95.1
VSA104C02,Age specific fertility rates,Age specific fertility rates,2001,2001,2001,440,30 - 34 years,30 - 34 years,IE0,Ireland,Ireland,134.1
VSA104C02,Age specific fertility rates,Age specific fertility rates,2001,2001,2001,460,35 - 39 years,35 - 39 years,IE0,Ireland,Ireland,75.3
VSA104C02,Age specific fertility rates,Age specific fertility rates,2001,2001,2001,475,40 - 44 years,40 - 44 years,IE0,Ireland,Ireland,13.9
VSA104C02,Age specific fertility rates,Age specific fertility rates,2001,2001,2001,495,45 - 49 years,45 - 49 years,IE0,Ireland,Ireland,0.7
VSA104C02,Age specific fertility rates,Age specific fertility rates,2002,2002,2002,300,15 - 19 years,15 - 19 years,IE0,Ireland,Ireland,19.4
VSA104C02,Age specific fertility rates,Age specific fertility rates,2002,2002,2002,365,20 - 24 years,20 - 24 years,IE0,Ireland,Ireland,52.8
VSA104C02,Age specific fertility rates,Age specific fertility rates,2002,2002,2002,410,25 - 29 years,25 - 29 years,IE0,Ireland,Ireland,93.7
VSA104C02,Age specific fertility rates,Age specific fertility rates,2002,2002,2002,440,30 - 34 years,30 - 34 years,IE0,Ireland,Ireland,134.5
VSA104C02,Age specific fertility rates,Age specific fertility rates,2002,2002,2002,460,35 - 39 years,35 - 39 years,IE0,Ireland,Ireland,80.0
VSA104C02,Age specific fertility rates,Age specific fertility rates,2002,2002,2002,475,40 - 44 years,40 - 44 years,IE0,Ireland,Ireland,14.5
VSA104C02,Age specific fertility rates,Age specific fertility rates,2002,2002,2002,495,45 - 49 years,45 - 49 years,IE0,Ireland,Ireland,0.6
VSA104C02,Age specific fertility rates,Age specific fertility rates,2003,2003,2003,300,15 - 19 years,15 - 19 years,IE0,Ireland,Ireland,19.0
VSA104C02,Age specific fertility rates,Age specific fertility rates,2003,2003,2003,365,20 - 24 years,20 - 24 years,IE0,Ireland,Ireland,50.3
VSA104C02,Age specific fertility rates,Age specific fertility rates,2003,2003,2003,410,25 - 29 years,25 - 29 years,IE0,Ireland,Ireland,92.6
VSA104C02,Age specific fertility rates,Age specific fertility rates,2003,2003,2003,440,30 - 34 years,30 - 34 years,IE0,Ireland,Ireland,135.0
VSA104C02,Age specific fertility rates,Age specific fertility rates,2003,2003,2003,460,35 - 39 years,35 - 39 years,IE0,Ireland,Ireland,82.3
VSA104C02,Age specific fertility rates,Age specific fertility rates,2003,2003,2003,475,40 - 44 years,40 - 44 years,IE0,Ireland,Ireland,15.7
VSA104C02,Age specific fertility rates,Age specific fertility rates,2003,2003,2003,495,45 - 49 years,45 - 49 years,IE0,Ireland,Ireland,0.5
VSA104C02,Age specific fertility rates,Age specific fertility rates,2004,2004,2004,300,15 - 19 years,15 - 19 years,IE0,Ireland,Ireland,17.1
VSA104C02,Age specific fertility rates,Age specific fertility rates,2004,2004,2004,365,20 - 24 years,20 - 24 years,IE0,Ireland,Ireland,49.1
VSA104C02,Age specific fertility rates,Age specific fertility rates,2004,2004,2004,410,25 - 29 years,25 - 29 years,IE0,Ireland,Ireland,88.4
VSA104C02,Age specific fertility rates,Age specific fertility rates,2004,2004,2004,440,30 - 34 years,30 - 34 years,IE0,Ireland,Ireland,134.3
VSA104C02,Age specific fertility rates,Age specific fertility rates,2004,2004,2004,460,35 - 39 years,35 - 39 years,IE0,Ireland,Ireland,85.2
VSA104C02,Age specific fertility rates,Age specific fertility rates,2004,2004,2004,475,40 - 44 years,40 - 44 years,IE0,Ireland,Ireland,16.2
VSA104C02,Age specific fertility rates,Age specific fertility rates,2004,2004,2004,495,45 - 49 years,45 - 49 years,IE0,Ireland,Ireland,0.5
VSA104C02,Age specific fertility rates,Age specific fertility rates,2005,2005,2005,300,15 - 19 years,15 - 19 years,IE0,Ireland,Ireland,16.8
VSA104C02,Age specific fertility rates,Age specific fertility rates,2005,2005,2005,365,20 - 24 years,20 - 24 years,IE0,Ireland,Ireland,45.8
VSA104C02,Age specific fertility rates,Age specific fertility rates,2005,2005,2005,410,25 - 29 years,25 - 29 years,IE0,Ireland,Ireland,79.9
VSA104C02,Age specific fertility rates,Age specific fertility rates,2005,2005,2005,440,30 - 34 years,30 - 34 years,IE0,Ireland,Ireland,129.4
VSA104C02,Age specific fertility rates,Age specific fertility rates,2005,2005,2005,460,35 - 39 years,35 - 39 years,IE0,Ireland,Ireland,86.4
VSA104C02,Age specific fertility rates,Age specific fertility rates,2005,2005,2005,475,40 - 44 years,40 - 44 years,IE0,Ireland,Ireland,16.9
VSA104C02,Age specific fertility rates,Age specific fertility rates,2005,2005,2005,495,45 - 49 years,45 - 49 years,IE0,Ireland,Ireland,0.6
VSA104C02,Age specific fertility rates,Age specific fertility rates,2006,2006,2006,300,15 - 19 years,15 - 19 years,IE0,Ireland,Ireland,16.4
VSA104C02,Age specific fertility rates,Age specific fertility rates,2006,2006,2006,365,20 - 24 years,20 - 24 years,IE0,Ireland,Ireland,49.5
VSA104C02,Age specific fertility rates,Age specific fertility rates,2006,2006,2006,410,25 - 29 years,25 - 29 years,IE0,Ireland,Ireland,82.1
VSA104C02,Age specific fertility rates,Age specific fertility rates,2006,2006,2006,440,30 - 34 years,30 - 34 years,IE0,Ireland,Ireland,130.4
VSA104C02,Age specific fertility rates,Age specific fertility rates,2006,2006,2006,460,35 - 39 years,35 - 39 years,IE0,Ireland,Ireland,90.8
VSA104C02,Age specific fertility rates,Age specific fertility rates,2006,2006,2006,475,40 - 44 years,40 - 44 years,IE0,Ireland,Ireland,18.1
VSA104C02,Age specific fertility rates,Age specific fertility rates,2006,2006,2006,495,45 - 49 years,45 - 49 years,IE0,Ireland,Ireland,0.8
VSA104C02,Age specific fertility rates,Age specific fertility rates,2007,2007,2007,300,15 - 19 years,15 - 19 years,IE0,Ireland,Ireland,17.4
VSA104C02,Age specific fertility rates,Age specific fertility rates,2007,2007,2007,365,20 - 24 years,20 - 24 years,IE0,Ireland,Ireland,48.5
VSA104C02,Age specific fertility rates,Age specific fertility rates,2007,2007,2007,410,25 - 29 years,25 - 29 years,IE0,Ireland,Ireland,84.1
VSA104C02,Age specific fertility rates,Age specific fertility rates,2007,2007,2007,440,30 - 34 years,30 - 34 years,IE0,Ireland,Ireland,138.1
VSA104C02,Age specific fertility rates,Age specific fertility rates,2007,2007,2007,460,35 - 39 years,35 - 39 years,IE0,Ireland,Ireland,96.7
VSA104C02,Age specific fertility rates,Age specific fertility rates,2007,2007,2007,475,40 - 44 years,40 - 44 years,IE0,Ireland,Ireland,19.4
VSA104C02,Age specific fertility rates,Age specific fertility rates,2007,2007,2007,495,45 - 49 years,45 - 49 years,IE0,Ireland,Ireland,0.8
VSA104C02,Age specific fertility rates,Age specific fertility rates,2008,2008,2008,300,15 - 19 years,15 - 19 years,IE0,Ireland,Ireland,16.5
VSA104C02,Age specific fertility rates,Age specific fertility rates,2008,2008,2008,365,20 - 24 years,20 - 24 years,IE0,Ireland,Ireland,49.6
VSA104C02,Age specific fertility rates,Age specific fertility rates,2008,2008,2008,410,25 - 29 years,25 - 29 years,IE0,Ireland,Ireland,87.8
VSA104C02,Age specific fertility rates,Age specific fertility rates,2008,2008,2008,440,30 - 34 years,30 - 34 years,IE0,Ireland,Ireland,139.3
VSA104C02,Age specific fertility rates,Age specific fertility rates,2008,2008,2008,460,35 - 39 years,35 - 39 years,IE0,Ireland,Ireland,98.9
VSA104C02,Age specific fertility rates,Age specific fertility rates,2008,2008,2008,475,40 - 44 years,40 - 44 years,IE0,Ireland,Ireland,19.7
VSA104C02,Age specific fertility rates,Age specific fertility rates,2008,2008,2008,495,45 - 49 years,45 - 49 years,IE0,Ireland,Ireland,1.2
VSA104C02,Age specific fertility rates,Age specific fertility rates,2009,2009,2009,300,15 - 19 years,15 - 19 years,IE0,Ireland,Ireland,15.6
VSA104C02,Age specific fertility rates,Age specific fertility rates,2009,2009,2009,365,20 - 24 years,20 - 24 years,IE0,Ireland,Ireland,48.9
VSA104C02,Age specific fertility rates,Age specific fertility rates,2009,2009,2009,410,25 - 29 years,25 - 29 years,IE0,Ireland,Ireland,90.2
VSA104C02,Age specific fertility rates,Age specific fertility rates,2009,2009,2009,440,30 - 34 years,30 - 34 years,IE0,Ireland,Ireland,136.3
VSA104C02,Age specific fertility rates,Age specific fertility rates,2009,2009,2009,460,35 - 39 years,35 - 39 years,IE0,Ireland,Ireland,98.5
VSA104C02,Age specific fertility rates,Age specific fertility rates,2009,2009,2009,475,40 - 44 years,40 - 44 years,IE0,Ireland,Ireland,20.9
VSA104C02,Age specific fertility rates,Age specific fertility rates,2009,2009,2009,495,45 - 49 years,45 - 49 years,IE0,Ireland,Ireland,1.1
VSA104C02,Age specific fertility rates,Age specific fertility rates,2010,2010,2010,300,15 - 19 years,15 - 19 years,IE0,Ireland,Ireland,14.4
VSA104C02,Age specific fertility rates,Age specific fertility rates,2010,2010,2010,365,20 - 24 years,20 - 24 years,IE0,Ireland,Ireland,48.7
VSA104C02,Age specific fertility rates,Age specific fertility rates,2010,2010,2010,410,25 - 29 years,25 - 29 years,IE0,Ireland,Ireland,91.1
VSA104C02,Age specific fertility rates,Age specific fertility rates,2010,2010,2010,440,30 - 34 years,30 - 34 years,IE0,Ireland,Ireland,136.4
VSA104C02,Age specific fertility rates,Age specific fertility rates,2010,2010,2010,460,35 - 39 years,35 - 39 years,IE0,Ireland,Ireland,97.9
VSA104C02,Age specific fertility rates,Age specific fertility rates,2010,2010,2010,475,40 - 44 years,40 - 44 years,IE0,Ireland,Ireland,21.7
VSA104C02,Age specific fertility rates,Age specific fertility rates,2010,2010,2010,495,45 - 49 years,45 - 49 years,IE0,Ireland,Ireland,1.1
VSA104C02,Age specific fertility rates,Age specific fertility rates,2011,2011,2011,300,15 - 19 years,15 - 19 years,IE0,Ireland,Ireland,12.3
VSA104C02,Age specific fertility rates,Age specific fertility rates,2011,2011,2011,365,20 - 24 years,20 - 24 years,IE0,Ireland,Ireland,48.8
VSA104C02,Age specific fertility rates,Age specific fertility rates,2011,2011,2011,410,25 - 29 years,25 - 29 years,IE0,Ireland,Ireland,88.9
VSA104C02,Age specific fertility rates,Age specific fertility rates,2011,2011,2011,440,30 - 34 years,30 - 34 years,IE0,Ireland,Ireland,134.8
VSA104C02,Age specific fertility rates,Age specific fertility rates,2011,2011,2011,460,35 - 39 years,35 - 39 years,IE0,Ireland,Ireland,97.9
VSA104C02,Age specific fertility rates,Age specific fertility rates,2011,2011,2011,475,40 - 44 years,40 - 44 years,IE0,Ireland,Ireland,22.4
VSA104C02,Age specific fertility rates,Age specific fertility rates,2011,2011,2011,495,45 - 49 years,45 - 49 years,IE0,Ireland,Ireland,1.1
VSA104C02,Age specific fertility rates,Age specific fertility rates,2012,2012,2012,300,15 - 19 years,15 - 19 years,IE0,Ireland,Ireland,11.8
VSA104C02,Age specific fertility rates,Age specific fertility rates,2012,2012,2012,365,20 - 24 years,20 - 24 years,IE0,Ireland,Ireland,48.0
VSA104C02,Age specific fertility rates,Age specific fertility rates,2012,2012,2012,410,25 - 29 years,25 - 29 years,IE0,Ireland,Ireland,86.0
VSA104C02,Age specific fertility rates,Age specific fertility rates,2012,2012,2012,440,30 - 34 years,30 - 34 years,IE0,Ireland,Ireland,129.7
VSA104C02,Age specific fertility rates,Age specific fertility rates,2012,2012,2012,460,35 - 39 years,35 - 39 years,IE0,Ireland,Ireland,97.4
VSA104C02,Age specific fertility rates,Age specific fertility rates,2012,2012,2012,475,40 - 44 years,40 - 44 years,IE0,Ireland,Ireland,22.8
VSA104C02,Age specific fertility rates,Age specific fertility rates,2012,2012,2012,495,45 - 49 years,45 - 49 years,IE0,Ireland,Ireland,1.4
VSA104C02,Age specific fertility rates,Age specific fertility rates,2013,2013,2013,300,15 - 19 years,15 - 19 years,IE0,Ireland,Ireland,10.0
VSA104C02,Age specific fertility rates,Age specific fertility rates,2013,2013,2013,365,20 - 24 years,20 - 24 years,IE0,Ireland,Ireland,46.0
VSA104C02,Age specific fertility rates,Age specific fertility rates,2013,2013,2013,410,25 - 29 years,25 - 29 years,IE0,Ireland,Ireland,83.2
VSA104C02,Age specific fertility rates,Age specific fertility rates,2013,2013,2013,440,30 - 34 years,30 - 34 years,IE0,Ireland,Ireland,126.5
VSA104C02,Age specific fertility rates,Age specific fertility rates,2013,2013,2013,460,35 - 39 years,35 - 39 years,IE0,Ireland,Ireland,97.1
VSA104C02,Age specific fertility rates,Age specific fertility rates,2013,2013,2013,475,40 - 44 years,40 - 44 years,IE0,Ireland,Ireland,22.2
VSA104C02,Age specific fertility rates,Age specific fertility rates,2013,2013,2013,495,45 - 49 years,45 - 49 years,IE0,Ireland,Ireland,1.5
VSA104C02,Age specific fertility rates,Age specific fertility rates,2014,2014,2014,300,15 - 19 years,15 - 19 years,IE0,Ireland,Ireland,8.7
VSA104C02,Age specific fertility rates,Age specific fertility rates,2014,2014,2014,365,20 - 24 years,20 - 24 years,IE0,Ireland,Ireland,43.4
VSA104C02,Age specific fertility rates,Age specific fertility rates,2014,2014,2014,410,25 - 29 years,25 - 29 years,IE0,Ireland,Ireland,82.7
VSA104C02,Age specific fertility rates,Age specific fertility rates,2014,2014,2014,440,30 - 34 years,30 - 34 years,IE0,Ireland,Ireland,124.8
VSA104C02,Age specific fertility rates,Age specific fertility rates,2014,2014,2014,460,35 - 39 years,35 - 39 years,IE0,Ireland,Ireland,96.8
VSA104C02,Age specific fertility rates,Age specific fertility rates,2014,2014,2014,475,40 - 44 years,40 - 44 years,IE0,Ireland,Ireland,22.3
VSA104C02,Age specific fertility rates,Age specific fertility rates,2014,2014,2014,495,45 - 49 years,45 - 49 years,IE0,Ireland,Ireland,1.6
VSA104C02,Age specific fertility rates,Age specific fertility rates,2015,2015,2015,300,15 - 19 years,15 - 19 years,IE0,Ireland,Ireland,8.3
VSA104C02,Age specific fertility rates,Age specific fertility rates,2015,2015,2015,365,20 - 24 years,20 - 24 years,IE0,Ireland,Ireland,42.1
VSA104C02,Age specific fertility rates,Age specific fertility rates,2015,2015,2015,410,25 - 29 years,25 - 29 years,IE0,Ireland,Ireland,79.5
VSA104C02,Age specific fertility rates,Age specific fertility rates,2015,2015,2015,440,30 - 34 years,30 - 34 years,IE0,Ireland,Ireland,123.2
VSA104C02,Age specific fertility rates,Age specific fertility rates,2015,2015,2015,460,35 - 39 years,35 - 39 years,IE0,Ireland,Ireland,95.6
VSA104C02,Age specific fertility rates,Age specific fertility rates,2015,2015,2015,475,40 - 44 years,40 - 44 years,IE0,Ireland,Ireland,22.2
VSA104C02,Age specific fertility rates,Age specific fertility rates,2015,2015,2015,495,45 - 49 years,45 - 49 years,IE0,Ireland,Ireland,1.4
VSA104C02,Age specific fertility rates,Age specific fertility rates,2016,2016,2016,300,15 - 19 years,15 - 19 years,IE0,Ireland,Ireland,7.5
VSA104C02,Age specific fertility rates,Age specific fertility rates,2016,2016,2016,365,20 - 24 years,20 - 24 years,IE0,Ireland,Ireland,38.6
VSA104C02,Age specific fertility rates,Age specific fertility rates,2016,2016,2016,410,25 - 29 years,25 - 29 years,IE0,Ireland,Ireland,75.0
VSA104C02,Age specific fertility rates,Age specific fertility rates,2016,2016,2016,440,30 - 34 years,30 - 34 years,IE0,Ireland,Ireland,122.5
VSA104C02,Age specific fertility rates,Age specific fertility rates,2016,2016,2016,460,35 - 39 years,35 - 39 years,IE0,Ireland,Ireland,95.1
VSA104C02,Age specific fertility rates,Age specific fertility rates,2016,2016,2016,475,40 - 44 years,40 - 44 years,IE0,Ireland,Ireland,22.7
VSA104C02,Age specific fertility rates,Age specific fertility rates,2016,2016,2016,495,45 - 49 years,45 - 49 years,IE0,Ireland,Ireland,1.8
VSA104C02,Age specific fertility rates,Age specific fertility rates,2017,2017,2017,300,15 - 19 years,15 - 19 years,IE0,Ireland,Ireland,6.9
VSA104C02,Age specific fertility rates,Age specific fertility rates,2017,2017,2017,365,20 - 24 years,20 - 24 years,IE0,Ireland,Ireland,37.6
VSA104C02,Age specific fertility rates,Age specific fertility rates,2017,2017,2017,410,25 - 29 years,25 - 29 years,IE0,Ireland,Ireland,72.8
VSA104C02,Age specific fertility rates,Age specific fertility rates,2017,2017,2017,440,30 - 34 years,30 - 34 years,IE0,Ireland,Ireland,119.3
VSA104C02,Age specific fertility rates,Age specific fertility rates,2017,2017,2017,460,35 - 39 years,35 - 39 years,IE0,Ireland,Ireland,93.8
VSA104C02,Age specific fertility rates,Age specific fertility rates,2017,2017,2017,475,40 - 44 years,40 - 44 years,IE0,Ireland,Ireland,21.7
VSA104C02,Age specific fertility rates,Age specific fertility rates,2017,2017,2017,495,45 - 49 years,45 - 49 years,IE0,Ireland,Ireland,1.9
VSA104C02,Age specific fertility rates,Age specific fertility rates,2018,2018,2018,300,15 - 19 years,15 - 19 years,IE0,Ireland,Ireland,6.2
VSA104C02,Age specific fertility rates,Age specific fertility rates,2018,2018,2018,365,20 - 24 years,20 - 24 years,IE0,Ireland,Ireland,35.7
VSA104C02,Age specific fertility rates,Age specific fertility rates,2018,2018,2018,410,25 - 29 years,25 - 29 years,IE0,Ireland,Ireland,71.9
VSA104C02,Age specific fertility rates,Age specific fertility rates,2018,2018,2018,440,30 - 34 years,30 - 34 years,IE0,Ireland,Ireland,119.5
VSA104C02,Age specific fertility rates,Age specific fertility rates,2018,2018,2018,460,35 - 39 years,35 - 39 years,IE0,Ireland,Ireland,92.6
VSA104C02,Age specific fertility rates,Age specific fertility rates,2018,2018,2018,475,40 - 44 years,40 - 44 years,IE0,Ireland,Ireland,23.0
VSA104C02,Age specific fertility rates,Age specific fertility rates,2018,2018,2018,495,45 - 49 years,45 - 49 years,IE0,Ireland,Ireland,1.9
VSA104C02,Age specific fertility rates,Age specific fertility rates,2019,2019,2019,300,15 - 19 years,15 - 19 years,IE0,Ireland,Ireland,5.4
VSA104C02,Age specific fertility rates,Age specific fertility rates,2019,2019,2019,365,20 - 24 years,20 - 24 years,IE0,Ireland,Ireland,31.9
VSA104C02,Age specific fertility rates,Age specific fertility rates,2019,2019,2019,410,25 - 29 years,25 - 29 years,IE0,Ireland,Ireland,69.6
VSA104C02,Age specific fertility rates,Age specific fertility rates,2019,2019,2019,440,30 - 34 years,30 - 34 years,IE0,Ireland,Ireland,118.6
VSA104C02,Age specific fertility rates,Age specific fertility rates,2019,2019,2019,460,35 - 39 years,35 - 39 years,IE0,Ireland,Ireland,91.6
VSA104C02,Age specific fertility rates,Age specific fertility rates,2019,2019,2019,475,40 - 44 years,40 - 44 years,IE0,Ireland,Ireland,22.4
VSA104C02,Age specific fertility rates,Age specific fertility rates,2019,2019,2019,495,45 - 49 years,45 - 49 years,IE0,Ireland,Ireland,2.1
VSA104C02,Age specific fertility rates,Age specific fertility rates,2020,2020,2020,300,15 - 19 years,15 - 19 years,IE0,Ireland,Ireland,5.4
VSA104C02,Age specific fertility rates,Age specific fertility rates,2020,2020,2020,365,20 - 24 years,20 - 24 years,IE0,Ireland,Ireland,28.5
VSA104C02,Age specific fertility rates,Age specific fertility rates,2020,2020,2020,410,25 - 29 years,25 - 29 years,IE0,Ireland,Ireland,66.0
VSA104C02,Age specific fertility rates,Age specific fertility rates,2020,2020,2020,440,30 - 34 years,30 - 34 years,IE0,Ireland,Ireland,117.4
VSA104C02,Age specific fertility rates,Age specific fertility rates,2020,2020,2020,460,35 - 39 years,35 - 39 years,IE0,Ireland,Ireland,89.2
VSA104C02,Age specific fertility rates,Age specific fertility rates,2020,2020,2020,475,40 - 44 years,40 - 44 years,IE0,Ireland,Ireland,21.8
VSA104C02,Age specific fertility rates,Age specific fertility rates,2020,2020,2020,495,45 - 49 years,45 - 49 years,IE0,Ireland,Ireland,1.7
VSA104C02,Age specific fertility rates,Age specific fertility rates,2021,2021,2021,300,15 - 19 years,15 - 19 years,B1A65D7C-1984-4A87-AD58-0E846812C992,Border,Border,3.3
VSA104C02,Age specific fertility rates,Age specific fertility rates,2021,2021,2021,300,15 - 19 years,15 - 19 years,F97E459B-57ED-49C0-8A28-2BC1C7F08E88,Dublin,Dublin,5.6
VSA104C02,Age specific fertility rates,Age specific fertility rates,2021,2021,2021,300,15 - 19 years,15 - 19 years,8E4862CC-7E43-4BF5-A4EF-B2D5ECBA61EF,Mid-East,Mid-East,3.3
VSA104C02,Age specific fertility rates,Age specific fertility rates,2021,2021,2021,300,15 - 19 years,15 - 19 years,B26C8BAA-F3C5-49A9-B74E-D7FED1823E65,Midland,Midland,6.6
VSA104C02,Age specific fertility rates,Age specific fertility rates,2021,2021,2021,300,15 - 19 years,15 - 19 years,42C5C2A5-2D71-4BD1-BDB5-BD7D3198CD78,Mid-West,Mid-West,5.0
VSA104C02,Age specific fertility rates,Age specific fertility rates,2021,2021,2021,300,15 - 19 years,15 - 19 years,27C93D4E-AD0E-4B0C-8FA8-3566AEEDA5CC,South-East,South-East,4.8
VSA104C02,Age specific fertility rates,Age specific fertility rates,2021,2021,2021,300,15 - 19 years,15 - 19 years,604546A1-A856-4B9B-AD46-E88B27C27155,South-West,South-West,3.1
VSA104C02,Age specific fertility rates,Age specific fertility rates,2021,2021,2021,300,15 - 19 years,15 - 19 years,A69CA800-8D87-4920-A7C1-50426A1D39B4,West,West,2.9
VSA104C02,Age specific fertility rates,Age specific fertility rates,2021,2021,2021,300,15 - 19 years,15 - 19 years,IE0,Ireland,Ireland,4.4
VSA104C02,Age specific fertility rates,Age specific fertility rates,2021,2021,2021,365,20 - 24 years,20 - 24 years,B1A65D7C-1984-4A87-AD58-0E846812C992,Border,Border,27.5
VSA104C02,Age specific fertility rates,Age specific fertility rates,2021,2021,2021,365,20 - 24 years,20 - 24 years,F97E459B-57ED-49C0-8A28-2BC1C7F08E88,Dublin,Dublin,25.6
VSA104C02,Age specific fertility rates,Age specific fertility rates,2021,2021,2021,365,20 - 24 years,20 - 24 years,8E4862CC-7E43-4BF5-A4EF-B2D5ECBA61EF,Mid-East,Mid-East,29.6
VSA104C02,Age specific fertility rates,Age specific fertility rates,2021,2021,2021,365,20 - 24 years,20 - 24 years,B26C8BAA-F3C5-49A9-B74E-D7FED1823E65,Midland,Midland,38.1
VSA104C02,Age specific fertility rates,Age specific fertility rates,2021,2021,2021,365,20 - 24 years,20 - 24 years,42C5C2A5-2D71-4BD1-BDB5-BD7D3198CD78,Mid-West,Mid-West,33.9
VSA104C02,Age specific fertility rates,Age specific fertility rates,2021,2021,2021,365,20 - 24 years,20 - 24 years,27C93D4E-AD0E-4B0C-8FA8-3566AEEDA5CC,South-East,South-East,33.7
VSA104C02,Age specific fertility rates,Age specific fertility rates,2021,2021,2021,365,20 - 24 years,20 - 24 years,604546A1-A856-4B9B-AD46-E88B27C27155,South-West,South-West,23.1
VSA104C02,Age specific fertility rates,Age specific fertility rates,2021,2021,2021,365,20 - 24 years,20 - 24 years,A69CA800-8D87-4920-A7C1-50426A1D39B4,West,West,23.2
VSA104C02,Age specific fertility rates,Age specific fertility rates,2021,2021,2021,365,20 - 24 years,20 - 24 years,IE0,Ireland,Ireland,28.0
VSA104C02,Age specific fertility rates,Age specific fertility rates,2021,2021,2021,410,25 - 29 years,25 - 29 years,B1A65D7C-1984-4A87-AD58-0E846812C992,Border,Border,89.3
VSA104C02,Age specific fertility rates,Age specific fertility rates,2021,2021,2021,410,25 - 29 years,25 - 29 years,F97E459B-57ED-49C0-8A28-2BC1C7F08E88,Dublin,Dublin,50.2
VSA104C02,Age specific fertility rates,Age specific fertility rates,2021,2021,2021,410,25 - 29 years,25 - 29 years,8E4862CC-7E43-4BF5-A4EF-B2D5ECBA61EF,Mid-East,Mid-East,82.2
VSA104C02,Age specific fertility rates,Age specific fertility rates,2021,2021,2021,410,25 - 29 years,25 - 29 years,B26C8BAA-F3C5-49A9-B74E-D7FED1823E65,Midland,Midland,91.3
VSA104C02,Age specific fertility rates,Age specific fertility rates,2021,2021,2021,410,25 - 29 years,25 - 29 years,42C5C2A5-2D71-4BD1-BDB5-BD7D3198CD78,Mid-West,Mid-West,79.9
VSA104C02,Age specific fertility rates,Age specific fertility rates,2021,2021,2021,410,25 - 29 years,25 - 29 years,27C93D4E-AD0E-4B0C-8FA8-3566AEEDA5CC,South-East,South-East,82.3
VSA104C02,Age specific fertility rates,Age specific fertility rates,2021,2021,2021,410,25 - 29 years,25 - 29 years,604546A1-A856-4B9B-AD46-E88B27C27155,South-West,South-West,61.1
VSA104C02,Age specific fertility rates,Age specific fertility rates,2021,2021,2021,410,25 - 29 years,25 - 29 years,A69CA800-8D87-4920-A7C1-50426A1D39B4,West,West,61.4
VSA104C02,Age specific fertility rates,Age specific fertility rates,2021,2021,2021,410,25 - 29 years,25 - 29 years,IE0,Ireland,Ireland,66.8
VSA104C02,Age specific fertility rates,Age specific fertility rates,2021,2021,2021,440,30 - 34 years,30 - 34 years,B1A65D7C-1984-4A87-AD58-0E846812C992,Border,Border,146.6
VSA104C02,Age specific fertility rates,Age specific fertility rates,2021,2021,2021,440,30 - 34 years,30 - 34 years,F97E459B-57ED-49C0-8A28-2BC1C7F08E88,Dublin,Dublin,100.7
VSA104C02,Age specific fertility rates,Age specific fertility rates,2021,2021,2021,440,30 - 34 years,30 - 34 years,8E4862CC-7E43-4BF5-A4EF-B2D5ECBA61EF,Mid-East,Mid-East,143.1
VSA104C02,Age specific fertility rates,Age specific fertility rates,2021,2021,2021,440,30 - 34 years,30 - 34 years,B26C8BAA-F3C5-49A9-B74E-D7FED1823E65,Midland,Midland,138.3
VSA104C02,Age specific fertility rates,Age specific fertility rates,2021,2021,2021,440,30 - 34 years,30 - 34 years,42C5C2A5-2D71-4BD1-BDB5-BD7D3198CD78,Mid-West,Mid-West,138.0
VSA104C02,Age specific fertility rates,Age specific fertility rates,2021,2021,2021,440,30 - 34 years,30 - 34 years,27C93D4E-AD0E-4B0C-8FA8-3566AEEDA5CC,South-East,South-East,135.3
VSA104C02,Age specific fertility rates,Age specific fertility rates,2021,2021,2021,440,30 - 34 years,30 - 34 years,604546A1-A856-4B9B-AD46-E88B27C27155,South-West,South-West,127.2
VSA104C02,Age specific fertility rates,Age specific fertility rates,2021,2021,2021,440,30 - 34 years,30 - 34 years,A69CA800-8D87-4920-A7C1-50426A1D39B4,West,West,133.3
VSA104C02,Age specific fertility rates,Age specific fertility rates,2021,2021,2021,440,30 - 34 years,30 - 34 years,IE0,Ireland,Ireland,124.2
VSA104C02,Age specific fertility rates,Age specific fertility rates,2021,2021,2021,460,35 - 39 years,35 - 39 years,B1A65D7C-1984-4A87-AD58-0E846812C992,Border,Border,98.6
VSA104C02,Age specific fertility rates,Age specific fertility rates,2021,2021,2021,460,35 - 39 years,35 - 39 years,F97E459B-57ED-49C0-8A28-2BC1C7F08E88,Dublin,Dublin,93.0
VSA104C02,Age specific fertility rates,Age specific fertility rates,2021,2021,2021,460,35 - 39 years,35 - 39 years,8E4862CC-7E43-4BF5-A4EF-B2D5ECBA61EF,Mid-East,Mid-East,100.4
VSA104C02,Age specific fertility rates,Age specific fertility rates,2021,2021,2021,460,35 - 39 years,35 - 39 years,B26C8BAA-F3C5-49A9-B74E-D7FED1823E65,Midland,Midland,92.3
VSA104C02,Age specific fertility rates,Age specific fertility rates,2021,2021,2021,460,35 - 39 years,35 - 39 years,42C5C2A5-2D71-4BD1-BDB5-BD7D3198CD78,Mid-West,Mid-West,97.3
VSA104C02,Age specific fertility rates,Age specific fertility rates,2021,2021,2021,460,35 - 39 years,35 - 39 years,27C93D4E-AD0E-4B0C-8FA8-3566AEEDA5CC,South-East,South-East,92.3
VSA104C02,Age specific fertility rates,Age specific fertility rates,2021,2021,2021,460,35 - 39 years,35 - 39 years,604546A1-A856-4B9B-AD46-E88B27C27155,South-West,South-West,106.6
VSA104C02,Age specific fertility rates,Age specific fertility rates,2021,2021,2021,460,35 - 39 years,35 - 39 years,A69CA800-8D87-4920-A7C1-50426A1D39B4,West,West,114.2
VSA104C02,Age specific fertility rates,Age specific fertility rates,2021,2021,2021,460,35 - 39 years,35 - 39 years,IE0,Ireland,Ireland,98.6
VSA104C02,Age specific fertility rates,Age specific fertility rates,2021,2021,2021,475,40 - 44 years,40 - 44 years,B1A65D7C-1984-4A87-AD58-0E846812C992,Border,Border,21.9
VSA104C02,Age specific fertility rates,Age specific fertility rates,2021,2021,2021,475,40 - 44 years,40 - 44 years,F97E459B-57ED-49C0-8A28-2BC1C7F08E88,Dublin,Dublin,24.2
VSA104C02,Age specific fertility rates,Age specific fertility rates,2021,2021,2021,475,40 - 44 years,40 - 44 years,8E4862CC-7E43-4BF5-A4EF-B2D5ECBA61EF,Mid-East,Mid-East,21.4
VSA104C02,Age specific fertility rates,Age specific fertility rates,2021,2021,2021,475,40 - 44 years,40 - 44 years,B26C8BAA-F3C5-49A9-B74E-D7FED1823E65,Midland,Midland,19.6
VSA104C02,Age specific fertility rates,Age specific fertility rates,2021,2021,2021,475,40 - 44 years,40 - 44 years,42C5C2A5-2D71-4BD1-BDB5-BD7D3198CD78,Mid-West,Mid-West,22.6
VSA104C02,Age specific fertility rates,Age specific fertility rates,2021,2021,2021,475,40 - 44 years,40 - 44 years,27C93D4E-AD0E-4B0C-8FA8-3566AEEDA5CC,South-East,South-East,18.5
VSA104C02,Age specific fertility rates,Age specific fertility rates,2021,2021,2021,475,40 - 44 years,40 - 44 years,604546A1-A856-4B9B-AD46-E88B27C27155,South-West,South-West,25.8
VSA104C02,Age specific fertility rates,Age specific fertility rates,2021,2021,2021,475,40 - 44 years,40 - 44 years,A69CA800-8D87-4920-A7C1-50426A1D39B4,West,West,29.1
VSA104C02,Age specific fertility rates,Age specific fertility rates,2021,2021,2021,475,40 - 44 years,40 - 44 years,IE0,Ireland,Ireland,23.3
VSA104C02,Age specific fertility rates,Age specific fertility rates,2021,2021,2021,495,45 - 49 years,45 - 49 years,B1A65D7C-1984-4A87-AD58-0E846812C992,Border,Border,1.0
VSA104C02,Age specific fertility rates,Age specific fertility rates,2021,2021,2021,495,45 - 49 years,45 - 49 years,F97E459B-57ED-49C0-8A28-2BC1C7F08E88,Dublin,Dublin,2.1
VSA104C02,Age specific fertility rates,Age specific fertility rates,2021,2021,2021,495,45 - 49 years,45 - 49 years,8E4862CC-7E43-4BF5-A4EF-B2D5ECBA61EF,Mid-East,Mid-East,1.0
VSA104C02,Age specific fertility rates,Age specific fertility rates,2021,2021,2021,495,45 - 49 years,45 - 49 years,B26C8BAA-F3C5-49A9-B74E-D7FED1823E65,Midland,Midland,1.0
VSA104C02,Age specific fertility rates,Age specific fertility rates,2021,2021,2021,495,45 - 49 years,45 - 49 years,42C5C2A5-2D71-4BD1-BDB5-BD7D3198CD78,Mid-West,Mid-West,1.0
VSA104C02,Age specific fertility rates,Age specific fertility rates,2021,2021,2021,495,45 - 49 years,45 - 49 years,27C93D4E-AD0E-4B0C-8FA8-3566AEEDA5CC,South-East,South-East,1.8
VSA104C02,Age specific fertility rates,Age specific fertility rates,2021,2021,2021,495,45 - 49 years,45 - 49 years,604546A1-A856-4B9B-AD46-E88B27C27155,South-West,South-West,1.5
VSA104C02,Age specific fertility rates,Age specific fertility rates,2021,2021,2021,495,45 - 49 years,45 - 49 years,A69CA800-8D87-4920-A7C1-50426A1D39B4,West,West,1.5
VSA104C02,Age specific fertility rates,Age specific fertility rates,2021,2021,2021,495,45 - 49 years,45 - 49 years,IE0,Ireland,Ireland,1.5
VSA104C02,Age specific fertility rates,Age specific fertility rates,2022,2022,2022,300,15 - 19 years,15 - 19 years,B1A65D7C-1984-4A87-AD58-0E846812C992,Border,Border,3.3
VSA104C02,Age specific fertility rates,Age specific fertility rates,2022,2022,2022,300,15 - 19 years,15 - 19 years,F97E459B-57ED-49C0-8A28-2BC1C7F08E88,Dublin,Dublin,5.8
VSA104C02,Age specific fertility rates,Age specific fertility rates,2022,2022,2022,300,15 - 19 years,15 - 19 years,8E4862CC-7E43-4BF5-A4EF-B2D5ECBA61EF,Mid-East,Mid-East,4.4
VSA104C02,Age specific fertility rates,Age specific fertility rates,2022,2022,2022,300,15 - 19 years,15 - 19 years,B26C8BAA-F3C5-49A9-B74E-D7FED1823E65,Midland,Midland,7.0
VSA104C02,Age specific fertility rates,Age specific fertility rates,2022,2022,2022,300,15 - 19 years,15 - 19 years,42C5C2A5-2D71-4BD1-BDB5-BD7D3198CD78,Mid-West,Mid-West,5.7
VSA104C02,Age specific fertility rates,Age specific fertility rates,2022,2022,2022,300,15 - 19 years,15 - 19 years,27C93D4E-AD0E-4B0C-8FA8-3566AEEDA5CC,South-East,South-East,4.1
VSA104C02,Age specific fertility rates,Age specific fertility rates,2022,2022,2022,300,15 - 19 years,15 - 19 years,604546A1-A856-4B9B-AD46-E88B27C27155,South-West,South-West,3.2
VSA104C02,Age specific fertility rates,Age specific fertility rates,2022,2022,2022,300,15 - 19 years,15 - 19 years,A69CA800-8D87-4920-A7C1-50426A1D39B4,West,West,3.6
VSA104C02,Age specific fertility rates,Age specific fertility rates,2022,2022,2022,300,15 - 19 years,15 - 19 years,IE0,Ireland,Ireland,4.7
VSA104C02,Age specific fertility rates,Age specific fertility rates,2022,2022,2022,365,20 - 24 years,20 - 24 years,B1A65D7C-1984-4A87-AD58-0E846812C992,Border,Border,31.7
VSA104C02,Age specific fertility rates,Age specific fertility rates,2022,2022,2022,365,20 - 24 years,20 - 24 years,F97E459B-57ED-49C0-8A28-2BC1C7F08E88,Dublin,Dublin,24.8
VSA104C02,Age specific fertility rates,Age specific fertility rates,2022,2022,2022,365,20 - 24 years,20 - 24 years,8E4862CC-7E43-4BF5-A4EF-B2D5ECBA61EF,Mid-East,Mid-East,28.5
VSA104C02,Age specific fertility rates,Age specific fertility rates,2022,2022,2022,365,20 - 24 years,20 - 24 years,B26C8BAA-F3C5-49A9-B74E-D7FED1823E65,Midland,Midland,35.7
VSA104C02,Age specific fertility rates,Age specific fertility rates,2022,2022,2022,365,20 - 24 years,20 - 24 years,42C5C2A5-2D71-4BD1-BDB5-BD7D3198CD78,Mid-West,Mid-West,32.2
VSA104C02,Age specific fertility rates,Age specific fertility rates,2022,2022,2022,365,20 - 24 years,20 - 24 years,27C93D4E-AD0E-4B0C-8FA8-3566AEEDA5CC,South-East,South-East,35.7
VSA104C02,Age specific fertility rates,Age specific fertility rates,2022,2022,2022,365,20 - 24 years,20 - 24 years,604546A1-A856-4B9B-AD46-E88B27C27155,South-West,South-West,22.5
VSA104C02,Age specific fertility rates,Age specific fertility rates,2022,2022,2022,365,20 - 24 years,20 - 24 years,A69CA800-8D87-4920-A7C1-50426A1D39B4,West,West,20.8
VSA104C02,Age specific fertility rates,Age specific fertility rates,2022,2022,2022,365,20 - 24 years,20 - 24 years,IE0,Ireland,Ireland,27.3
VSA104C02,Age specific fertility rates,Age specific fertility rates,2022,2022,2022,410,25 - 29 years,25 - 29 years,B1A65D7C-1984-4A87-AD58-0E846812C992,Border,Border,81.9
VSA104C02,Age specific fertility rates,Age specific fertility rates,2022,2022,2022,410,25 - 29 years,25 - 29 years,F97E459B-57ED-49C0-8A28-2BC1C7F08E88,Dublin,Dublin,46.1
VSA104C02,Age specific fertility rates,Age specific fertility rates,2022,2022,2022,410,25 - 29 years,25 - 29 years,8E4862CC-7E43-4BF5-A4EF-B2D5ECBA61EF,Mid-East,Mid-East,74.9
VSA104C02,Age specific fertility rates,Age specific fertility rates,2022,2022,2022,410,25 - 29 years,25 - 29 years,B26C8BAA-F3C5-49A9-B74E-D7FED1823E65,Midland,Midland,81.4
VSA104C02,Age specific fertility rates,Age specific fertility rates,2022,2022,2022,410,25 - 29 years,25 - 29 years,42C5C2A5-2D71-4BD1-BDB5-BD7D3198CD78,Mid-West,Mid-West,68.8
VSA104C02,Age specific fertility rates,Age specific fertility rates,2022,2022,2022,410,25 - 29 years,25 - 29 years,27C93D4E-AD0E-4B0C-8FA8-3566AEEDA5CC,South-East,South-East,75.2
VSA104C02,Age specific fertility rates,Age specific fertility rates,2022,2022,2022,410,25 - 29 years,25 - 29 years,604546A1-A856-4B9B-AD46-E88B27C27155,South-West,South-West,52.6
VSA104C02,Age specific fertility rates,Age specific fertility rates,2022,2022,2022,410,25 - 29 years,25 - 29 years,A69CA800-8D87-4920-A7C1-50426A1D39B4,West,West,56.8
VSA104C02,Age specific fertility rates,Age specific fertility rates,2022,2022,2022,410,25 - 29 years,25 - 29 years,IE0,Ireland,Ireland,60.1
VSA104C02,Age specific fertility rates,Age specific fertility rates,2022,2022,2022,440,30 - 34 years,30 - 34 years,B1A65D7C-1984-4A87-AD58-0E846812C992,Border,Border,128.6
VSA104C02,Age specific fertility rates,Age specific fertility rates,2022,2022,2022,440,30 - 34 years,30 - 34 years,F97E459B-57ED-49C0-8A28-2BC1C7F08E88,Dublin,Dublin,86.5
VSA104C02,Age specific fertility rates,Age specific fertility rates,2022,2022,2022,440,30 - 34 years,30 - 34 years,8E4862CC-7E43-4BF5-A4EF-B2D5ECBA61EF,Mid-East,Mid-East,120.7
VSA104C02,Age specific fertility rates,Age specific fertility rates,2022,2022,2022,440,30 - 34 years,30 - 34 years,B26C8BAA-F3C5-49A9-B74E-D7FED1823E65,Midland,Midland,114.1
VSA104C02,Age specific fertility rates,Age specific fertility rates,2022,2022,2022,440,30 - 34 years,30 - 34 years,42C5C2A5-2D71-4BD1-BDB5-BD7D3198CD78,Mid-West,Mid-West,113.9
VSA104C02,Age specific fertility rates,Age specific fertility rates,2022,2022,2022,440,30 - 34 years,30 - 34 years,27C93D4E-AD0E-4B0C-8FA8-3566AEEDA5CC,South-East,South-East,123.4
VSA104C02,Age specific fertility rates,Age specific fertility rates,2022,2022,2022,440,30 - 34 years,30 - 34 years,604546A1-A856-4B9B-AD46-E88B27C27155,South-West,South-West,108.0
VSA104C02,Age specific fertility rates,Age specific fertility rates,2022,2022,2022,440,30 - 34 years,30 - 34 years,A69CA800-8D87-4920-A7C1-50426A1D39B4,West,West,113.7
VSA104C02,Age specific fertility rates,Age specific fertility rates,2022,2022,2022,440,30 - 34 years,30 - 34 years,IE0,Ireland,Ireland,106.4
VSA104C02,Age specific fertility rates,Age specific fertility rates,2022,2022,2022,460,35 - 39 years,35 - 39 years,B1A65D7C-1984-4A87-AD58-0E846812C992,Border,Border,88.2
VSA104C02,Age specific fertility rates,Age specific fertility rates,2022,2022,2022,460,35 - 39 years,35 - 39 years,F97E459B-57ED-49C0-8A28-2BC1C7F08E88,Dublin,Dublin,78.4
VSA104C02,Age specific fertility rates,Age specific fertility rates,2022,2022,2022,460,35 - 39 years,35 - 39 years,8E4862CC-7E43-4BF5-A4EF-B2D5ECBA61EF,Mid-East,Mid-East,88.3
VSA104C02,Age specific fertility rates,Age specific fertility rates,2022,2022,2022,460,35 - 39 years,35 - 39 years,B26C8BAA-F3C5-49A9-B74E-D7FED1823E65,Midland,Midland,75.8
VSA104C02,Age specific fertility rates,Age specific fertility rates,2022,2022,2022,460,35 - 39 years,35 - 39 years,42C5C2A5-2D71-4BD1-BDB5-BD7D3198CD78,Mid-West,Mid-West,86.4
VSA104C02,Age specific fertility rates,Age specific fertility rates,2022,2022,2022,460,35 - 39 years,35 - 39 years,27C93D4E-AD0E-4B0C-8FA8-3566AEEDA5CC,South-East,South-East,82.9
VSA104C02,Age specific fertility rates,Age specific fertility rates,2022,2022,2022,460,35 - 39 years,35 - 39 years,604546A1-A856-4B9B-AD46-E88B27C27155,South-West,South-West,90.4
VSA104C02,Age specific fertility rates,Age specific fertility rates,2022,2022,2022,460,35 - 39 years,35 - 39 years,A69CA800-8D87-4920-A7C1-50426A1D39B4,West,West,101.9
VSA104C02,Age specific fertility rates,Age specific fertility rates,2022,2022,2022,460,35 - 39 years,35 - 39 years,IE0,Ireland,Ireland,85.4
VSA104C02,Age specific fertility rates,Age specific fertility rates,2022,2022,2022,475,40 - 44 years,40 - 44 years,B1A65D7C-1984-4A87-AD58-0E846812C992,Border,Border,20.1
VSA104C02,Age specific fertility rates,Age specific fertility rates,2022,2022,2022,475,40 - 44 years,40 - 44 years,F97E459B-57ED-49C0-8A28-2BC1C7F08E88,Dublin,Dublin,21.9
VSA104C02,Age specific fertility rates,Age specific fertility rates,2022,2022,2022,475,40 - 44 years,40 - 44 years,8E4862CC-7E43-4BF5-A4EF-B2D5ECBA61EF,Mid-East,Mid-East,20.1
VSA104C02,Age specific fertility rates,Age specific fertility rates,2022,2022,2022,475,40 - 44 years,40 - 44 years,B26C8BAA-F3C5-49A9-B74E-D7FED1823E65,Midland,Midland,19.4
VSA104C02,Age specific fertility rates,Age specific fertility rates,2022,2022,2022,475,40 - 44 years,40 - 44 years,42C5C2A5-2D71-4BD1-BDB5-BD7D3198CD78,Mid-West,Mid-West,20.5
VSA104C02,Age specific fertility rates,Age specific fertility rates,2022,2022,2022,475,40 - 44 years,40 - 44 years,27C93D4E-AD0E-4B0C-8FA8-3566AEEDA5CC,South-East,South-East,18.8
VSA104C02,Age specific fertility rates,Age specific fertility rates,2022,2022,2022,475,40 - 44 years,40 - 44 years,604546A1-A856-4B9B-AD46-E88B27C27155,South-West,South-West,21.4
VSA104C02,Age specific fertility rates,Age specific fertility rates,2022,2022,2022,475,40 - 44 years,40 - 44 years,A69CA800-8D87-4920-A7C1-50426A1D39B4,West,West,25.2
VSA104C02,Age specific fertility rates,Age specific fertility rates,2022,2022,2022,475,40 - 44 years,40 - 44 years,IE0,Ireland,Ireland,21.2
VSA104C02,Age specific fertility rates,Age specific fertility rates,2022,2022,2022,495,45 - 49 years,45 - 49 years,B1A65D7C-1984-4A87-AD58-0E846812C992,Border,Border,1.1
VSA104C02,Age specific fertility rates,Age specific fertility rates,2022,2022,2022,495,45 - 49 years,45 - 49 years,F97E459B-57ED-49C0-8A28-2BC1C7F08E88,Dublin,Dublin,2.0
VSA104C02,Age specific fertility rates,Age specific fertility rates,2022,2022,2022,495,45 - 49 years,45 - 49 years,8E4862CC-7E43-4BF5-A4EF-B2D5ECBA61EF,Mid-East,Mid-East,1.5
VSA104C02,Age specific fertility rates,Age specific fertility rates,2022,2022,2022,495,45 - 49 years,45 - 49 years,B26C8BAA-F3C5-49A9-B74E-D7FED1823E65,Midland,Midland,0.9
VSA104C02,Age specific fertility rates,Age specific fertility rates,2022,2022,2022,495,45 - 49 years,45 - 49 years,42C5C2A5-2D71-4BD1-BDB5-BD7D3198CD78,Mid-West,Mid-West,1.7
VSA104C02,Age specific fertility rates,Age specific fertility rates,2022,2022,2022,495,45 - 49 years,45 - 49 years,27C93D4E-AD0E-4B0C-8FA8-3566AEEDA5CC,South-East,South-East,1.9
VSA104C02,Age specific fertility rates,Age specific fertility rates,2022,2022,2022,495,45 - 49 years,45 - 49 years,604546A1-A856-4B9B-AD46-E88B27C27155,South-West,South-West,2.1
VSA104C02,Age specific fertility rates,Age specific fertility rates,2022,2022,2022,495,45 - 49 years,45 - 49 years,A69CA800-8D87-4920-A7C1-50426A1D39B4,West,West,1.9
VSA104C02,Age specific fertility rates,Age specific fertility rates,2022,2022,2022,495,45 - 49 years,45 - 49 years,IE0,Ireland,Ireland,1.7
VSA104C02,Age specific fertility rates,Age specific fertility rates,2023,2023,2023,300,15 - 19 years,15 - 19 years,B1A65D7C-1984-4A87-AD58-0E846812C992,Border,Border,4.1
VSA104C02,Age specific fertility rates,Age specific fertility rates,2023,2023,2023,300,15 - 19 years,15 - 19 years,F97E459B-57ED-49C0-8A28-2BC1C7F08E88,Dublin,Dublin,4.7
VSA104C02,Age specific fertility rates,Age specific fertility rates,2023,2023,2023,300,15 - 19 years,15 - 19 years,8E4862CC-7E43-4BF5-A4EF-B2D5ECBA61EF,Mid-East,Mid-East,3.4
VSA104C02,Age specific fertility rates,Age specific fertility rates,2023,2023,2023,300,15 - 19 years,15 - 19 years,B26C8BAA-F3C5-49A9-B74E-D7FED1823E65,Midland,Midland,4.2
VSA104C02,Age specific fertility rates,Age specific fertility rates,2023,2023,2023,300,15 - 19 years,15 - 19 years,42C5C2A5-2D71-4BD1-BDB5-BD7D3198CD78,Mid-West,Mid-West,3.5
VSA104C02,Age specific fertility rates,Age specific fertility rates,2023,2023,2023,300,15 - 19 years,15 - 19 years,27C93D4E-AD0E-4B0C-8FA8-3566AEEDA5CC,South-East,South-East,4.9
VSA104C02,Age specific fertility rates,Age specific fertility rates,2023,2023,2023,300,15 - 19 years,15 - 19 years,604546A1-A856-4B9B-AD46-E88B27C27155,South-West,South-West,3.5
VSA104C02,Age specific fertility rates,Age specific fertility rates,2023,2023,2023,300,15 - 19 years,15 - 19 years,A69CA800-8D87-4920-A7C1-50426A1D39B4,West,West,2.9
VSA104C02,Age specific fertility rates,Age specific fertility rates,2023,2023,2023,300,15 - 19 years,15 - 19 years,IE0,Ireland,Ireland,4.0
VSA104C02,Age specific fertility rates,Age specific fertility rates,2023,2023,2023,365,20 - 24 years,20 - 24 years,B1A65D7C-1984-4A87-AD58-0E846812C992,Border,Border,31.1
VSA104C02,Age specific fertility rates,Age specific fertility rates,2023,2023,2023,365,20 - 24 years,20 - 24 years,F97E459B-57ED-49C0-8A28-2BC1C7F08E88,Dublin,Dublin,25.4
VSA104C02,Age specific fertility rates,Age specific fertility rates,2023,2023,2023,365,20 - 24 years,20 - 24 years,8E4862CC-7E43-4BF5-A4EF-B2D5ECBA61EF,Mid-East,Mid-East,27.1
VSA104C02,Age specific fertility rates,Age specific fertility rates,2023,2023,2023,365,20 - 24 years,20 - 24 years,B26C8BAA-F3C5-49A9-B74E-D7FED1823E65,Midland,Midland,36.0
VSA104C02,Age specific fertility rates,Age specific fertility rates,2023,2023,2023,365,20 - 24 years,20 - 24 years,42C5C2A5-2D71-4BD1-BDB5-BD7D3198CD78,Mid-West,Mid-West,25.6
VSA104C02,Age specific fertility rates,Age specific fertility rates,2023,2023,2023,365,20 - 24 years,20 - 24 years,27C93D4E-AD0E-4B0C-8FA8-3566AEEDA5CC,South-East,South-East,30.5
VSA104C02,Age specific fertility rates,Age specific fertility rates,2023,2023,2023,365,20 - 24 years,20 - 24 years,604546A1-A856-4B9B-AD46-E88B27C27155,South-West,South-West,18.8
VSA104C02,Age specific fertility rates,Age specific fertility rates,2023,2023,2023,365,20 - 24 years,20 - 24 years,A69CA800-8D87-4920-A7C1-50426A1D39B4,West,West,17.8
VSA104C02,Age specific fertility rates,Age specific fertility rates,2023,2023,2023,365,20 - 24 years,20 - 24 years,IE0,Ireland,Ireland,25.6
VSA104C02,Age specific fertility rates,Age specific fertility rates,2023,2023,2023,410,25 - 29 years,25 - 29 years,B1A65D7C-1984-4A87-AD58-0E846812C992,Border,Border,80.8
VSA104C02,Age specific fertility rates,Age specific fertility rates,2023,2023,2023,410,25 - 29 years,25 - 29 years,F97E459B-57ED-49C0-8A28-2BC1C7F08E88,Dublin,Dublin,43.9
VSA104C02,Age specific fertility rates,Age specific fertility rates,2023,2023,2023,410,25 - 29 years,25 - 29 years,8E4862CC-7E43-4BF5-A4EF-B2D5ECBA61EF,Mid-East,Mid-East,76.3
VSA104C02,Age specific fertility rates,Age specific fertility rates,2023,2023,2023,410,25 - 29 years,25 - 29 years,B26C8BAA-F3C5-49A9-B74E-D7FED1823E65,Midland,Midland,80.4
VSA104C02,Age specific fertility rates,Age specific fertility rates,2023,2023,2023,410,25 - 29 years,25 - 29 years,42C5C2A5-2D71-4BD1-BDB5-BD7D3198CD78,Mid-West,Mid-West,67.7
VSA104C02,Age specific fertility rates,Age specific fertility rates,2023,2023,2023,410,25 - 29 years,25 - 29 years,27C93D4E-AD0E-4B0C-8FA8-3566AEEDA5CC,South-East,South-East,74.7
VSA104C02,Age specific fertility rates,Age specific fertility rates,2023,2023,2023,410,25 - 29 years,25 - 29 years,604546A1-A856-4B9B-AD46-E88B27C27155,South-West,South-West,49.7
VSA104C02,Age specific fertility rates,Age specific fertility rates,2023,2023,2023,410,25 - 29 years,25 - 29 years,A69CA800-8D87-4920-A7C1-50426A1D39B4,West,West,55.1
VSA104C02,Age specific fertility rates,Age specific fertility rates,2023,2023,2023,410,25 - 29 years,25 - 29 years,IE0,Ireland,Ireland,58.6
VSA104C02,Age specific fertility rates,Age specific fertility rates,2023,2023,2023,440,30 - 34 years,30 - 34 years,B1A65D7C-1984-4A87-AD58-0E846812C992,Border,Border,136.5
VSA104C02,Age specific fertility rates,Age specific fertility rates,2023,2023,2023,440,30 - 34 years,30 - 34 years,F97E459B-57ED-49C0-8A28-2BC1C7F08E88,Dublin,Dublin,83.6
VSA104C02,Age specific fertility rates,Age specific fertility rates,2023,2023,2023,440,30 - 34 years,30 - 34 years,8E4862CC-7E43-4BF5-A4EF-B2D5ECBA61EF,Mid-East,Mid-East,139.4
VSA104C02,Age specific fertility rates,Age specific fertility rates,2023,2023,2023,440,30 - 34 years,30 - 34 years,B26C8BAA-F3C5-49A9-B74E-D7FED1823E65,Midland,Midland,118.4
VSA104C02,Age specific fertility rates,Age specific fertility rates,2023,2023,2023,440,30 - 34 years,30 - 34 years,42C5C2A5-2D71-4BD1-BDB5-BD7D3198CD78,Mid-West,Mid-West,118.5
VSA104C02,Age specific fertility rates,Age specific fertility rates,2023,2023,2023,440,30 - 34 years,30 - 34 years,27C93D4E-AD0E-4B0C-8FA8-3566AEEDA5CC,South-East,South-East,126.0
VSA104C02,Age specific fertility rates,Age specific fertility rates,2023,2023,2023,440,30 - 34 years,30 - 34 years,604546A1-A856-4B9B-AD46-E88B27C27155,South-West,South-West,111.6
VSA104C02,Age specific fertility rates,Age specific fertility rates,2023,2023,2023,440,30 - 34 years,30 - 34 years,A69CA800-8D87-4920-A7C1-50426A1D39B4,West,West,116.0
VSA104C02,Age specific fertility rates,Age specific fertility rates,2023,2023,2023,440,30 - 34 years,30 - 34 years,IE0,Ireland,Ireland,109.5
VSA104C02,Age specific fertility rates,Age specific fertility rates,2023,2023,2023,460,35 - 39 years,35 - 39 years,B1A65D7C-1984-4A87-AD58-0E846812C992,Border,Border,87.8
VSA104C02,Age specific fertility rates,Age specific fertility rates,2023,2023,2023,460,35 - 39 years,35 - 39 years,F97E459B-57ED-49C0-8A28-2BC1C7F08E88,Dublin,Dublin,76.5
VSA104C02,Age specific fertility rates,Age specific fertility rates,2023,2023,2023,460,35 - 39 years,35 - 39 years,8E4862CC-7E43-4BF5-A4EF-B2D5ECBA61EF,Mid-East,Mid-East,91.9
VSA104C02,Age specific fertility rates,Age specific fertility rates,2023,2023,2023,460,35 - 39 years,35 - 39 years,B26C8BAA-F3C5-49A9-B74E-D7FED1823E65,Midland,Midland,79.4
VSA104C02,Age specific fertility rates,Age specific fertility rates,2023,2023,2023,460,35 - 39 years,35 - 39 years,42C5C2A5-2D71-4BD1-BDB5-BD7D3198CD78,Mid-West,Mid-West,84.5
VSA104C02,Age specific fertility rates,Age specific fertility rates,2023,2023,2023,460,35 - 39 years,35 - 39 years,27C93D4E-AD0E-4B0C-8FA8-3566AEEDA5CC,South-East,South-East,77.4
VSA104C02,Age specific fertility rates,Age specific fertility rates,2023,2023,2023,460,35 - 39 years,35 - 39 years,604546A1-A856-4B9B-AD46-E88B27C27155,South-West,South-West,85.6
VSA104C02,Age specific fertility rates,Age specific fertility rates,2023,2023,2023,460,35 - 39 years,35 - 39 years,A69CA800-8D87-4920-A7C1-50426A1D39B4,West,West,96.1
VSA104C02,Age specific fertility rates,Age specific fertility rates,2023,2023,2023,460,35 - 39 years,35 - 39 years,IE0,Ireland,Ireland,83.7
VSA104C02,Age specific fertility rates,Age specific fertility rates,2023,2023,2023,475,40 - 44 years,40 - 44 years,B1A65D7C-1984-4A87-AD58-0E846812C992,Border,Border,20.4
VSA104C02,Age specific fertility rates,Age specific fertility rates,2023,2023,2023,475,40 - 44 years,40 - 44 years,F97E459B-57ED-49C0-8A28-2BC1C7F08E88,Dublin,Dublin,22.0
VSA104C02,Age specific fertility rates,Age specific fertility rates,2023,2023,2023,475,40 - 44 years,40 - 44 years,8E4862CC-7E43-4BF5-A4EF-B2D5ECBA61EF,Mid-East,Mid-East,20.3
VSA104C02,Age specific fertility rates,Age specific fertility rates,2023,2023,2023,475,40 - 44 years,40 - 44 years,B26C8BAA-F3C5-49A9-B74E-D7FED1823E65,Midland,Midland,18.3
VSA104C02,Age specific fertility rates,Age specific fertility rates,2023,2023,2023,475,40 - 44 years,40 - 44 years,42C5C2A5-2D71-4BD1-BDB5-BD7D3198CD78,Mid-West,Mid-West,17.9
VSA104C02,Age specific fertility rates,Age specific fertility rates,2023,2023,2023,475,40 - 44 years,40 - 44 years,27C93D4E-AD0E-4B0C-8FA8-3566AEEDA5CC,South-East,South-East,18.2
VSA104C02,Age specific fertility rates,Age specific fertility rates,2023,2023,2023,475,40 - 44 years,40 - 44 years,604546A1-A856-4B9B-AD46-E88B27C27155,South-West,South-West,21.5
VSA104C02,Age specific fertility rates,Age specific fertility rates,2023,2023,2023,475,40 - 44 years,40 - 44 years,A69CA800-8D87-4920-A7C1-50426A1D39B4,West,West,23.5
VSA104C02,Age specific fertility rates,Age specific fertility rates,2023,2023,2023,475,40 - 44 years,40 - 44 years,IE0,Ireland,Ireland,20.7
VSA104C02,Age specific fertility rates,Age specific fertility rates,2023,2023,2023,495,45 - 49 years,45 - 49 years,B1A65D7C-1984-4A87-AD58-0E846812C992,Border,Border,1.3
VSA104C02,Age specific fertility rates,Age specific fertility rates,2023,2023,2023,495,45 - 49 years,45 - 49 years,F97E459B-57ED-49C0-8A28-2BC1C7F08E88,Dublin,Dublin,2.4
VSA104C02,Age specific fertility rates,Age specific fertility rates,2023,2023,2023,495,45 - 49 years,45 - 49 years,8E4862CC-7E43-4BF5-A4EF-B2D5ECBA61EF,Mid-East,Mid-East,1.7
VSA104C02,Age specific fertility rates,Age specific fertility rates,2023,2023,2023,495,45 - 49 years,45 - 49 years,B26C8BAA-F3C5-49A9-B74E-D7FED1823E65,Midland,Midland,1.0
VSA104C02,Age specific fertility rates,Age specific fertility rates,2023,2023,2023,495,45 - 49 years,45 - 49 years,42C5C2A5-2D71-4BD1-BDB5-BD7D3198CD78,Mid-West,Mid-West,1.9
VSA104C02,Age specific fertility rates,Age specific fertility rates,2023,2023,2023,495,45 - 49 years,45 - 49 years,27C93D4E-AD0E-4B0C-8FA8-3566AEEDA5CC,South-East,South-East,1.8
VSA104C02,Age specific fertility rates,Age specific fertility rates,2023,2023,2023,495,45 - 49 years,45 - 49 years,604546A1-A856-4B9B-AD46-E88B27C27155,South-West,South-West,2.0
VSA104C02,Age specific fertility rates,Age specific fertility rates,2023,2023,2023,495,45 - 49 years,45 - 49 years,A69CA800-8D87-4920-A7C1-50426A1D39B4,West,West,1.7
VSA104C02,Age specific fertility rates,Age specific fertility rates,2023,2023,2023,495,45 - 49 years,45 - 49 years,IE0,Ireland,Ireland,1.9
